Player,Nation,Pos,Squad,Age,Born,90s,CrdY,CrdR,2CrdY,Fls,Fld,Off,Crs,Int,TklW,PKwon,PKcon,OG,Matches
Ignazio Abate\Ignazio-Abate,it ITA,DF,Milan,29,1986,21.4,2,0,0,22,9,2,52,33,45,0,2,0,Matches
Francesco Acerbi\Francesco-Acerbi,it ITA,DF,Sassuolo,28,1988,38,2,0,0,15,39,3,6,103,47,0,1,0,Matches
Maxwell Acosty\Maxwell-Acosty,gh GHA,MFFW,Crotone,24,1991,4.2,2,0,0,10,9,1,3,5,3,0,0,0,Matches
Afriyie Acquah\Afriyie-Acquah,gh GHA,MF,Torino,24,1992,12,5,6,3,24,16,1,10,25,14,0,0,0,Matches
Claud Adjapong\Claud-Adjapong,it ITA,DFFW,Sassuolo,18,1998,5.7,3,0,0,9,6,0,15,14,8,0,1,0,Matches
Ali Adnan Kadhim\Ali-Adnan-Kadhim,iq IRQ,DFMF,Udinese,22,1993,9.7,2,0,0,14,11,1,53,15,13,0,2,0,Matches
Luiz Adriano\Luiz-Adriano,br BRA,FW,Milan,29,1987,1.4,0,0,0,4,4,1,1,2,0,0,0,0,Matches
Emmanuel Agyemang-Badu\Emmanuel-Agyemang-Badu,gh GHA,MF,Udinese,25,1990,22.6,2,0,0,27,40,2,37,40,21,0,1,0,Matches
Arlind Ajeti\Arlind-Ajeti,al ALB,DF,Torino,22,1993,2.8,1,0,0,8,3,0,0,3,3,0,0,1,Matches
Luis Alberto\Luis-Alberto,es ESP,MFFW,Lazio,23,1992,4.1,0,0,0,2,3,1,34,5,2,0,0,0,Matches
Raúl Albiol\Raul-Albiol,es ESP,DF,Napoli,30,1985,25.5,8,0,0,22,12,1,4,22,24,0,1,0,Matches
Haitam Aleesami\Haitam-Aleesami,no NOR,MFDF,Palermo,25,1991,29.2,6,0,0,38,19,5,98,45,39,0,1,0,Matches
Allan\Allan,br BRA,MF,Napoli,25,1991,17.9,3,0,0,25,31,0,23,24,51,0,0,0,Matches
Marcos Alonso\Marcos-Alonso,es ESP,MF,Fiorentina,25,1990,2,0,0,0,4,2,0,4,2,3,0,0,0,Matches
Ricky Álvarez\Ricky-Alvarez,ar ARG,MF,Sampdoria,28,1988,11,3,1,0,24,20,0,70,14,12,0,0,0,Matches
Bruno Alves\Bruno-Alves,pt POR,DF,Cagliari,34,1981,36,5,1,0,44,15,2,9,70,21,0,1,0,Matches
Dani Alves\Dani-Alves,br BRA,DFMF,Juventus,33,1983,15.1,5,0,0,27,21,3,71,31,31,0,0,0,Matches
Felipe Anderson\Felipe-Anderson,br BRA,FWMF,Lazio,23,1993,32.3,5,0,0,46,49,3,153,53,79,2,0,0,Matches
Marco Andreolli\Marco-Andreolli,it ITA,DF,Inter,30,1986,4,0,0,0,9,0,0,0,3,3,0,0,0,Matches
Gabriele Angella\Gabriele-Angella,it ITA,DFMF,Udinese,27,1989,11.3,3,0,0,11,8,1,3,25,13,0,0,1,Matches
Cristian Ansaldi\Cristian-Ansaldi,ar ARG,DF,Inter,29,1986,16.7,9,2,1,34,23,0,94,34,31,0,0,0,Matches
Luca Antei\Luca-Antei,it ITA,DF,Sassuolo,24,1992,12.4,4,0,0,15,7,0,2,30,32,0,2,0,Matches
Luca Antonelli\Luca-Antonelli,it ITA,DF,Milan,29,1987,3.4,1,0,0,7,8,2,9,7,11,0,0,0,Matches
Siniša An?elkovi?\Sinisa-Andjelkovic,si SVN,DF,Palermo,30,1986,20.4,3,0,0,13,17,1,0,54,16,0,0,0,Matches
Carlos Apna Embaló\Carlos-Apna-Embalo,gw GNB,FWMF,Palermo,21,1994,6.9,0,0,0,11,20,2,10,5,11,0,0,0,Matches
Alberto Aquilani\Alberto-Aquilani,it ITA,MF,Sassuolo,32,1984,13.7,3,0,0,26,15,0,5,21,15,0,1,0,Matches
Alberto Aquilani\Alberto-Aquilani,it ITA,MFFW,Pescara,32,1984,6.1,2,2,1,9,8,0,28,10,10,0,0,0,Matches
Mattia Aramu\Mattia-Aramu,it ITA,FW,Torino,21,1995,0.5,0,0,0,1,3,1,1,0,1,0,0,0,Matches
Pablo Armero\Pablo-Armero,co COL,DF,Udinese,29,1986,2,1,0,0,2,2,0,5,1,4,0,0,0,Matches
Kwadwo Asamoah\Kwadwo-Asamoah,gh GHA,DFMF,Juventus,27,1988,16.4,2,0,0,13,36,3,26,24,24,0,0,0,Matches
Davide Astori\Davide-Astori,it ITA,DF,Fiorentina,29,1987,33,12,2,1,35,32,1,40,82,36,0,0,0,Matches
Emil Audero\Emil-Audero,it ITA,GK,Juventus,19,1997,1,0,0,0,0,0,0,0,0,0,0,0,0,Matches
Danilo Avelar\Danilo-Avelar,br BRA,DF,Torino,27,1989,2.9,1,0,0,3,2,0,22,5,11,0,0,0,Matches
Mame Baba Thiam\Mame-Baba-Thiam,sn SEN,FW,Empoli,23,1992,9.7,1,0,0,23,13,8,15,2,8,0,0,0,Matches
Khouma Babacar\Khouma-Babacar,sn SEN,FW,Fiorentina,23,1993,14.7,0,0,0,27,9,12,9,2,5,2,0,0,Matches
Carlos Bacca\Carlos-Bacca,co COL,FW,Milan,29,1986,23.5,3,0,0,36,22,32,7,1,7,1,0,0,Matches
Milan Badelj\Milan-Badelj,hr CRO,MF,Fiorentina,27,1989,27.9,9,0,0,44,28,0,24,74,47,1,0,0,Matches
Jean-Christophe Bahebeck\Jean-Christophe-Bahebeck,fr FRA,FW,Pescara,23,1993,9.1,0,0,0,17,15,10,10,4,9,1,0,0,Matches
Keita Baldé\Keita-Balde,sn SEN,FW,Lazio,21,1995,21.4,5,2,1,22,53,19,65,5,11,2,1,0,Matches
Andrija Bali?\Andrija-Balic,hr CRO,MFFW,Udinese,18,1997,2.7,1,0,0,3,0,0,8,4,3,0,0,0,Matches
Norbert Balogh\Norbert-Balogh,hu HUN,MFFW,Palermo,20,1996,5.9,2,2,1,10,8,3,0,3,10,1,0,0,Matches
Éver Banega\Ever-Banega,ar ARG,MF,Inter,28,1988,17.3,3,2,1,20,23,1,129,15,30,0,0,0,Matches
Federico Barba\Federico-Barba,it ITA,DF,Empoli,22,1993,9,3,0,0,10,10,0,0,13,3,0,0,0,Matches
Andrea Barberis\Andrea-Barberis,it ITA,MF,Crotone,22,1993,22.9,3,0,0,41,15,0,54,36,39,0,1,0,Matches
Gabriel Barbosa\Gabriel-Barbosa,br BRA,FWMF,Inter,19,1996,1.3,3,0,0,2,3,1,8,1,1,0,0,0,Matches
Nicolò Barella\Nicolo-Barella,it ITA,MF,Cagliari,19,1997,21.2,10,2,1,44,49,0,44,28,46,0,1,0,Matches
Antonio Barreca\Antonio-Barreca,it ITA,DF,Torino,21,1995,26.2,2,0,0,28,29,5,93,44,35,1,1,0,Matches
Édgar Barreto\Edgar-Barreto,py PAR,MF,Sampdoria,32,1984,29.8,4,1,0,55,40,2,28,41,76,0,0,0,Matches
Andrea Barzagli\Andrea-Barzagli,it ITA,DF,Juventus,35,1981,17,2,0,0,9,12,0,3,32,15,0,0,0,Matches
Daniele Baselli\Daniele-Baselli,it ITA,MF,Torino,24,1992,25.4,6,0,0,49,31,0,16,44,58,0,0,0,Matches
Dušan Basta\Dusan-Basta,rs SRB,DFMF,Lazio,31,1984,23.6,2,0,0,19,20,3,52,31,27,0,0,0,Matches
Samuel Bastien\Samuel-Bastien,be BEL,MFFW,Chievo,19,1996,8.9,0,0,0,12,12,0,8,11,9,0,0,0,Matches
Alessandro Bastoni\Alessandro-Bastoni,it ITA,DF,Atalanta,17,1999,1.7,0,0,0,4,5,0,1,6,3,0,0,0,Matches
Bastos\Bastos,ao ANG,DFMF,Lazio,25,1991,8.6,5,2,1,13,10,1,1,10,20,0,1,0,Matches
Andrea Beghetto\Andrea-Beghetto,it ITA,MF,Genoa,21,1994,1.7,0,0,0,1,4,0,7,2,2,0,0,0,Matches
Giuseppe Bellusci\Giuseppe-Bellusci,it ITA,DF,Empoli,26,1989,33,15,0,0,37,33,0,8,68,33,0,2,0,Matches
Andrea Belotti\Andrea-Belotti,it ITA,FW,Torino,22,1993,34.1,5,0,0,77,125,37,24,13,30,5,0,0,Matches
Ahmad Benali\Ahmad-Benali,ly LBY,FWMF,Pescara,24,1992,27.7,5,2,1,24,43,8,78,34,29,0,0,0,Matches
Marco Benassi\Marco-Benassi,it ITA,MF,Torino,21,1994,22.7,5,0,0,32,18,2,30,30,31,0,0,0,Matches
Medhi Benatia\Medhi-Benatia,ma MAR,DF,Juventus,29,1987,13.1,3,0,0,23,11,2,1,37,23,0,0,0,Matches
Accursio Bentivegna\Accursio-Bentivegna,it ITA,MFFW,Palermo,20,1996,1,0,0,0,0,6,0,1,0,2,0,0,0,Matches
Domenico Berardi\Domenico-Berardi,it ITA,FW,Sassuolo,21,1994,19.2,6,0,0,47,56,13,90,27,27,2,0,0,Matches
Bartosz Bereszy?ski\Bartosz-Bereszynski,pl POL,DF,Sampdoria,24,1992,11.7,1,0,0,11,15,0,28,17,22,0,1,0,Matches
Etrit Berisha\Etrit-Berisha,al ALB,GK,Atalanta,27,1989,26,2,0,0,0,6,0,1,2,2,0,2,0,Matches
Federico Bernardeschi\Federico-Bernardeschi,it ITA,MFFW,Fiorentina,22,1994,25.5,5,1,0,34,62,4,110,23,11,1,1,0,Matches
Andrea Bertolacci\Andrea-Bertolacci,it ITA,MF,Milan,25,1991,9.1,3,0,0,18,20,0,10,5,10,1,0,0,Matches
Jonathan Biabiany\Jonathan-Biabiany,fr FRA,FWMF,Inter,28,1988,0,0,0,0,0,0,0,0,0,0,0,0,0,Matches
Roberto Biancu\Roberto-Biancu,it ITA,MF,Cagliari,16,2000,0.1,0,0,0,0,0,0,0,0,1,0,0,0,Matches
Lucas Biglia\Lucas-Biglia,ar ARG,MF,Lazio,30,1986,25.2,8,0,0,45,29,0,105,56,69,0,1,0,Matches
Davide Biondini\Davide-Biondini,it ITA,MF,Sassuolo,33,1983,9.5,6,0,0,15,10,1,17,14,19,0,0,0,Matches
Cristiano Biraghi\Cristiano-Biraghi,it ITA,DF,Pescara,23,1992,33.2,11,0,0,43,30,2,130,47,65,0,0,0,Matches
Davide Biraschi\Davide-Biraschi,it ITA,DFMF,Genoa,22,1994,4.4,2,0,0,10,8,0,8,7,4,0,0,0,Matches
Valter Birsa\Valter-Birsa,si SVN,MFFW,Chievo,29,1986,30.7,5,0,0,37,33,3,225,27,31,0,0,0,Matches
Luca Bittante\Luca-Bittante,it ITA,DF,Cagliari,22,1993,3.5,3,0,0,8,3,0,4,10,5,0,0,0,Matches
Albano Bizzarri\Albano-Bizzarri,ar ARG,GK,Pescara,38,1977,29,2,0,0,0,7,0,0,2,0,0,0,0,Matches
Giacomo Bonaventura\Giacomo-Bonaventura,it ITA,MFFW,Milan,26,1989,17.4,3,0,0,16,45,2,73,22,15,1,0,0,Matches
Leonardo Bonucci\Leonardo-Bonucci,it ITA,DF,Juventus,29,1987,26.8,5,0,0,26,17,4,5,61,22,0,0,0,Matches
Marco Borriello\Marco-Borriello,it ITA,FW,Cagliari,34,1982,28.8,4,0,0,38,46,24,25,11,12,1,1,1,Matches
Ouasim Bouy\Ouasim-Bouy,nl NED,DFMF,Palermo,23,1993,0.4,1,0,0,3,1,0,3,1,1,0,0,0,Matches
Cesare Bovo\Cesare-Bovo,it ITA,DF,Pescara,33,1983,9.1,4,0,0,10,8,1,1,16,16,0,0,0,Matches
Cesare Bovo\Cesare-Bovo,it ITA,DF,Torino,33,1983,4,2,0,0,5,3,0,7,7,5,0,0,0,Matches
Lucas Boyé\Lucas-Boye,ar ARG,FWMF,Torino,20,1996,16.2,5,0,0,55,25,2,21,23,19,1,0,0,Matches
Marcelo Brozovi?\Marcelo-Brozovic,hr CRO,MF,Inter,23,1992,19.3,7,0,0,22,24,1,79,26,33,0,1,0,Matches
Gastón Brugman\Gaston-Brugman,uy URU,MF,Pescara,23,1992,21.5,7,0,0,40,23,0,10,39,63,0,0,0,Matches
Alessandro Bruno\Alessandro-Bruno,it ITA,MFDF,Pescara,33,1983,10.8,6,0,0,20,5,0,2,18,25,0,0,0,Matches
Marcel Büchel\Marcel-Buchel,li LIE,MFFW,Empoli,25,1991,9.1,5,0,0,16,7,0,7,16,10,0,0,0,Matches
Ante Budimir\Ante-Budimir,hr CRO,FW,Sampdoria,25,1991,3.5,0,0,0,17,7,3,2,0,4,0,0,0,Matches
Gianluigi Buffon\Gianluigi-Buffon,it ITA,GK,Juventus,38,1978,29.5,0,0,0,0,1,0,0,1,1,0,0,0,Matches
Nicolás Burdisso\Nicolas-Burdisso,ar ARG,DF,Genoa,35,1981,34.7,10,0,0,43,13,0,2,68,29,0,3,0,Matches
Bryan Cabezas\Bryan-Cabezas,ec ECU,MF,Atalanta,19,1997,0.3,0,0,0,0,0,1,0,0,2,0,0,0,Matches
Rafael Cabral\Rafael-Cabral,br BRA,GK,Napoli,26,1990,1,0,0,0,0,0,0,0,0,0,0,0,0,Matches
Fabrizio Cacciatore\Fabrizio-Cacciatore,it ITA,DF,Chievo,29,1986,27.9,7,1,0,32,28,0,97,44,33,0,1,0,Matches
Davide Calabria\Davide-Calabria,it ITA,DF,Milan,19,1996,11,3,0,0,13,11,0,37,21,27,0,0,0,Matches
Mattia Caldara\Mattia-Caldara,it ITA,DF,Atalanta,22,1994,29.5,4,0,0,37,19,2,2,90,36,0,0,0,Matches
José Callejón\Jose-Callejon,es ESP,FW,Napoli,29,1987,34.9,3,1,0,31,66,14,174,30,33,1,2,0,Matches
Hugo Campagnaro\Hugo-Campagnaro,ar ARG,DF,Pescara,36,1980,17.4,8,0,0,24,15,1,4,43,25,0,2,1,Matches
Antonio Candreva\Antonio-Candreva,it ITA,MFFW,Inter,29,1987,33.4,2,0,0,12,45,21,375,21,24,0,0,0,Matches
Paolo Cannavaro\Paolo-Cannavaro,it ITA,DF,Sassuolo,35,1981,15.8,2,0,0,17,18,0,5,37,18,0,0,0,Matches
Leonardo Capezzi\Leonardo-Capezzi,it ITA,MF,Crotone,21,1995,18.2,6,2,1,35,14,2,42,36,40,0,0,0,Matches
Gianluca Caprari\Gianluca-Caprari,it ITA,FWMF,Pescara,23,1993,34.5,8,0,0,49,98,32,76,17,22,2,0,0,Matches
Marco Capuano\Marco-Capuano,it ITA,DF,Cagliari,24,1991,8.6,1,2,1,9,8,1,12,11,13,0,0,0,Matches
Carlão\Carlao,br BRA,DF,Torino,30,1986,3.7,1,0,0,4,7,0,0,10,2,0,1,0,Matches
Carlos Carmona\Carlos-Carmona,cl CHI,MF,Atalanta,29,1987,1.1,2,2,1,4,1,0,0,3,3,0,0,0,Matches
Leandro Castán\Leandro-Castan,br BRA,DF,Torino,29,1986,13.1,4,0,0,19,13,0,1,38,27,0,0,0,Matches
Lucas Castro\Lucas-Castro,ar ARG,MF,Chievo,27,1989,30.7,6,2,1,56,48,6,71,72,57,0,1,0,Matches
Danilo Cataldi\Danilo-Cataldi,it ITA,MF,Genoa,21,1994,10.3,5,0,0,13,7,0,62,9,10,0,0,0,Matches
Danilo Cataldi\Danilo-Cataldi,it ITA,MF,Lazio,21,1994,7.4,3,1,0,8,5,0,57,8,9,0,0,0,Matches
Federico Ceccherini\Federico-Ceccherini,it ITA,DF,Crotone,24,1992,34.4,9,0,0,52,52,2,8,91,48,0,1,0,Matches
Luca Ceppitelli\Luca-Ceppitelli,it ITA,DF,Cagliari,26,1989,18.8,5,0,0,21,4,0,6,42,25,0,1,1,Matches
Alberto Cerri\Alberto-Cerri,it ITA,FW,Pescara,20,1996,7.7,1,0,0,17,16,17,1,2,3,0,0,0,Matches
Boštjan Cesar\Bostjan-Cesar,si SVN,DF,Chievo,34,1982,16,9,2,1,28,22,0,1,25,14,0,2,0,Matches
Giorgio Chiellini\Giorgio-Chiellini,it ITA,DF,Juventus,31,1984,18.2,4,0,0,25,29,0,6,38,25,0,0,0,Matches
Federico Chiesa\Federico-Chiesa,it ITA,MFFW,Fiorentina,18,1997,16.6,4,2,1,35,36,7,71,17,23,1,0,0,Matches
Vlad Chiriche?\Vlad-Chiriches,ro ROU,DF,Napoli,26,1989,12.5,0,0,0,6,8,1,2,18,13,0,0,0,Matches
Ivaylo Chochev\Ivaylo-Chochev,bg BUL,MF,Palermo,23,1993,25.4,4,0,0,24,30,5,27,54,41,0,0,0,Matches
Luca Cigarini\Luca-Cigarini,it ITA,MF,Sampdoria,30,1986,3.1,3,0,0,7,5,0,16,9,7,0,0,0,Matches
Thiago Cionek\Thiago-Cionek,pl POL,DF,Palermo,30,1986,25.8,8,0,0,46,31,0,7,80,50,0,1,0,Matches
Claiton\Claiton,br BRA,DF,Crotone,31,1984,7.8,2,0,0,8,8,0,0,16,8,0,0,0,Matches
Andrea Coda\Andrea-Coda,it ITA,DF,Pescara,31,1985,11.1,7,2,1,16,6,1,1,50,4,0,0,0,Matches
Isaac Cofie\Isaac-Cofie,gh GHA,MF,Genoa,24,1991,11.1,5,0,0,20,6,1,2,20,30,0,0,0,Matches
Roberto Colombo\Roberto-Colombo,it ITA,GK,Cagliari,40,1975,0.9,1,1,0,0,0,0,0,0,0,0,0,0,Matches
Andrea Consigli\Andrea-Consigli,it ITA,GK,Sassuolo,29,1987,37,1,0,0,0,6,0,0,1,0,0,1,1,Matches
Andrea Conti\Andrea-Conti,it ITA,MF,Atalanta,22,1994,29.6,12,0,0,47,39,0,55,70,52,0,0,0,Matches
Alex Cordaz\Alex-Cordaz,it ITA,GK,Crotone,33,1983,36,2,1,0,0,3,0,2,3,1,0,0,0,Matches
Uroš ?osi?\Uros-Cosic,rs SRB,DF,Empoli,23,1992,10.7,1,0,0,3,5,1,13,23,6,0,0,0,Matches
Angelo da Costa Júnior\Angelo-da-Costa-Junior,br BRA,GK,Bologna,32,1983,17.1,1,0,0,0,4,0,0,1,0,0,0,0,Matches
Andrea Costa\Andrea-Costa,it ITA,DF,Empoli,30,1986,23.1,6,0,0,16,38,4,2,45,16,0,2,1,Matches
Filippo Costa\Filippo-Costa,it ITA,DFMF,Chievo,21,1995,0.6,0,0,0,2,1,0,2,2,3,0,1,0,Matches
Mamadou Coulibaly\Mamadou-Coulibaly,sn SEN,MF,Pescara,17,1999,5.4,4,0,0,20,7,0,8,10,8,0,0,0,Matches
Luca Crecco\Luca-Crecco,it ITA,MF,Lazio,20,1995,0.6,0,0,0,1,0,0,1,1,0,0,0,0,Matches
Alessandro Crescenzi\Alessandro-Crescenzi,it ITA,DFMF,Pescara,24,1991,15.6,1,0,0,25,20,2,32,22,18,0,3,0,Matches
Lorenzo Crisetig\Lorenzo-Crisetig,it ITA,MF,Crotone,23,1993,28.2,12,2,1,54,34,0,67,49,61,0,1,0,Matches
Bryan Cristante\Bryan-Cristante,it ITA,MF,Pescara,21,1995,10.9,1,0,0,28,7,1,12,12,20,0,0,0,Matches
Bryan Cristante\Bryan-Cristante,it ITA,MF,Atalanta,21,1995,7.4,1,0,0,10,8,0,12,4,14,0,0,0,Matches
Sebastián Cristóforo\Sebastian-Cristoforo,uy URU,MF,Fiorentina,22,1993,7.7,1,0,0,16,21,2,8,11,11,1,0,0,Matches
Daniele Croce\Daniele-Croce,it ITA,MF,Empoli,33,1982,32.5,4,0,0,40,100,2,86,41,55,0,1,0,Matches
Luca Crosta\Luca-Crosta,it ITA,GK,Cagliari,18,1998,1,0,0,0,0,1,0,0,0,0,0,1,0,Matches
Juan Cuadrado\Juan-Cuadrado,co COL,MFFW,Juventus,28,1988,23.3,8,0,0,41,81,6,82,28,39,0,0,0,Matches
Adrián Cubas\Adrian-Cubas,py PAR,MF,Pescara,20,1996,0.1,0,0,0,0,0,0,1,0,0,0,0,0,Matches
Giuseppe Cuomo\Giuseppe-Cuomo,it ITA,DF,Crotone,18,1998,0,0,0,0,0,0,0,0,0,0,0,0,0,Matches
Patrick Cutrone\Patrick-Cutrone,it ITA,FW,Milan,18,1998,0.1,1,0,0,1,0,0,0,0,0,0,0,0,Matches
Marco D'Alessandro\Marco-DAlessandro,it ITA,MFFW,Atalanta,25,1991,8.5,2,0,0,13,26,1,48,8,10,0,0,0,Matches
Danilo D'Ambrosio\Danilo-DAmbrosio,it ITA,DF,Inter,27,1988,31.4,4,0,0,71,51,2,71,66,61,0,1,0,Matches
Dario Dainelli\Dario-Dainelli,it ITA,DF,Chievo,37,1979,24.3,8,0,0,29,23,1,0,76,27,0,0,1,Matches
Felipe dal Belo\Felipe-dal-Belo,br BRA,DF,Udinese,32,1984,31.3,9,0,0,27,17,1,9,78,36,0,0,0,Matches
Pietro De Giorgio\Pietro-De-Giorgio,it ITA,MF,Crotone,33,1983,0.1,0,0,0,0,0,0,1,0,1,0,0,0,Matches
Sebastien De Maio\Sebastien-De-Maio,fr FRA,DF,Fiorentina,29,1987,6,1,0,0,7,1,0,3,5,5,0,0,0,Matches
Rodrigo De Paul\Rodrigo-De-Paul,ar ARG,FWMF,Udinese,22,1994,26,7,1,0,38,50,1,176,16,42,0,1,0,Matches
Daniele De Rossi\Daniele-De-Rossi,it ITA,MF,Roma,33,1983,26,9,0,0,23,25,2,29,61,49,0,0,0,Matches
Mattia De Sciglio\Mattia-De-Sciglio,it ITA,DF,Milan,23,1992,23.2,4,0,0,23,11,0,46,29,34,0,2,0,Matches
Lorenzo De Silvestri\Lorenzo-De-Silvestri,it ITA,DF,Torino,28,1988,13.9,1,0,0,23,13,2,29,18,10,0,2,0,Matches
Grégoire Defrel\Gregoire-Defrel,mq MTQ,FW,Sassuolo,25,1991,21.7,1,0,0,32,29,16,3,7,15,2,0,0,Matches
Alessandro Deiola\Alessandro-Deiola,it ITA,MF,Cagliari,20,1995,2.7,2,0,0,3,2,0,0,4,1,0,0,0,Matches
Cristian Dell'Orco\Cristian-DellOrco,it ITA,DF,Sassuolo,22,1994,8.6,0,0,0,8,5,0,16,14,16,0,0,0,Matches
Fabio Depaoli\Fabio-Depaoli,it ITA,MFDF,Chievo,19,1997,5,2,2,1,10,11,0,17,16,13,0,0,0,Matches
Daniele Dessena\Daniele-Dessena,it ITA,MF,Cagliari,29,1987,13.2,4,1,0,11,20,0,14,17,26,0,0,0,Matches
Mattia Destro\Mattia-Destro,it ITA,FW,Bologna,25,1991,27.4,4,0,0,43,44,31,8,5,17,1,0,0,Matches
Gerard Deulofeu\Gerard-Deulofeu,es ESP,FWMF,Milan,22,1994,16.2,4,0,0,17,22,12,73,11,13,0,0,0,Matches
Federico Di Francesco\Federico-Di-Francesco,it ITA,FWMF,Bologna,22,1994,12.1,3,1,0,25,27,8,33,7,11,0,0,0,Matches
Davide Di Gennaro\Davide-Di-Gennaro,it ITA,MFFW,Cagliari,28,1988,15.9,5,2,1,15,47,0,95,25,24,0,0,0,Matches
Nunzio Di Roberto\Nunzio-Di-Roberto,it ITA,FW,Crotone,30,1985,0.1,0,0,0,0,0,0,1,0,0,0,0,0,Matches
Alessandro Diamanti\Alessandro-Diamanti,it ITA,FWMF,Palermo,33,1983,18.9,8,1,0,37,76,10,135,8,25,0,0,0,Matches
Amadou Diawara\Amadou-Diawara,gn GUI,MF,Napoli,19,1997,11.6,1,0,0,13,11,0,1,24,18,0,0,0,Matches
Kevin Diks\Kevin-Diks,nl NED,DF,Fiorentina,19,1996,0.1,0,0,0,0,0,0,0,0,0,0,0,0,Matches
Federico Dimarco\Federico-Dimarco,it ITA,DF,Empoli,18,1997,7.2,2,0,0,9,4,0,51,11,11,0,0,0,Matches
Assane Dioussé\Assane-Diousse,sn SEN,MF,Empoli,18,1997,26.8,13,0,0,52,23,0,6,62,37,0,2,0,Matches
Dodô\Dodo,br BRA,DF,Sampdoria,24,1992,4.5,0,0,0,0,2,1,7,7,2,0,0,0,Matches
Gianluigi Donnarumma\Gianluigi-Donnarumma,it ITA,GK,Milan,17,1999,38,2,0,0,0,3,0,0,2,0,0,1,0,Matches
Godfred Donsah\Godfred-Donsah,gh GHA,MF,Bologna,20,1996,9.8,2,0,0,6,8,0,9,15,8,0,0,0,Matches
Bart?omiej Dr?gowski\Bartlomiej-Dragowski,pl POL,GK,Fiorentina,18,1997,1,0,0,0,0,0,0,0,0,0,0,0,0,Matches
Boukary Dramé\Boukary-Drame,sn SEN,MFDF,Atalanta,31,1985,7.1,1,0,0,5,8,0,27,13,16,0,0,0,Matches
Alfred Duncan\Alfred-Duncan,gh GHA,MF,Sassuolo,23,1993,14.8,4,0,0,30,16,1,47,14,28,1,0,0,Matches
Noë Dussenne\Noe-Dussenne,be BEL,DF,Crotone,24,1992,5.2,2,2,1,15,7,0,3,15,12,0,1,0,Matches
Paulo Dybala\Paulo-Dybala,ar ARG,MFFW,Juventus,22,1993,23.8,2,0,0,22,52,12,117,19,12,0,0,0,Matches
Edin Džeko\Edin-Dzeko,ba BIH,FW,Roma,30,1986,33.9,4,0,0,52,51,28,22,12,11,4,0,0,Matches
Blerim Džemaili\Blerim-Dzemaili,ch SUI,MF,Bologna,30,1986,28.7,10,1,0,34,85,2,28,40,49,0,0,0,Matches
Edenílson\Edenilson,br BRA,MFFW,Genoa,26,1989,10,3,2,1,14,10,0,75,20,13,0,0,0,Matches
Éder\Eder,it ITA,FWMF,Inter,29,1986,16.5,3,0,0,29,33,4,41,9,19,0,0,0,Matches
Mirko Eramo\Mirko-Eramo,it ITA,MF,Sampdoria,27,1989,0.1,0,0,0,0,0,0,0,0,1,0,0,0,Matches
Lucas Evangelista\Lucas-Evangelista,br BRA,MF,Udinese,21,1995,2.3,1,0,0,6,8,0,9,3,6,0,0,0,Matches
Patrice Evra\Patrice-Evra,fr FRA,DFMF,Juventus,35,1981,2.8,0,0,0,5,1,0,7,3,4,0,0,0,Matches
Ewandro\Ewandro,br BRA,FWMF,Udinese,20,1996,0.7,0,0,0,2,0,0,1,0,2,0,0,0,Matches
Diego Falcinelli\Diego-Falcinelli,it ITA,FW,Crotone,25,1991,34.7,7,0,0,78,84,46,19,18,23,1,0,0,Matches
Diego Falcinelli\Diego-Falcinelli,it ITA,FW,Sassuolo,25,1991,0.2,0,0,0,0,1,0,0,0,0,0,0,0,Matches
Iago Falque\Iago-Falque,es ESP,FWMF,Torino,26,1990,28,2,0,0,20,22,20,95,33,27,1,0,0,Matches
Paolo Faragò\Paolo-Farago,it ITA,MF,Cagliari,23,1993,3.9,1,0,0,9,9,0,7,7,15,0,0,0,Matches
Davide Faraoni\Davide-Faraoni,it ITA,DF,Udinese,24,1991,3.7,2,0,0,8,1,0,13,6,16,0,1,0,Matches
Diego Farias\Diego-Farias,br BRA,MFFW,Cagliari,26,1990,13,4,0,0,20,15,7,31,12,11,2,0,0,Matches
Federico Fazio\Federico-Fazio,ar ARG,DF,Roma,29,1987,34.6,3,0,0,25,20,1,3,103,46,0,0,0,Matches
Nicolò Fazzi\Nicolo-Fazzi,it ITA,DFMF,Crotone,21,1995,0.1,0,0,0,0,0,0,1,0,0,0,0,0,Matches
Bruno Fernandes\Bruno-Fernandes,pt POR,MF,Sampdoria,21,1994,19,2,0,0,21,40,3,121,11,13,0,0,0,Matches
Matías Fernández\Matias-Fernandez,cl CHI,MF,Milan,30,1986,7.2,1,0,0,10,13,0,16,2,13,0,0,0,Matches
Alex Ferrari\Alex-Ferrari,it ITA,DF,Bologna,22,1994,1,0,0,0,0,1,0,0,1,1,0,0,0,Matches
Marco Festa\Marco-Festa,it ITA,GK,Crotone,24,1992,2,1,0,0,0,0,0,0,0,0,0,0,0,Matches
Riccardo Fiamozzi\Riccardo-Fiamozzi,it ITA,MF,Genoa,23,1993,1.2,0,0,0,1,1,0,6,2,1,0,0,0,Matches
Vincenzo Fiorillo\Vincenzo-Fiorillo,it ITA,GK,Pescara,26,1990,9,0,0,0,0,1,0,0,0,0,0,0,0,Matches
Sergio Floccari\Sergio-Floccari,it ITA,FW,Bologna,34,1981,2.7,0,0,0,0,3,4,1,1,5,0,0,0,Matches
Alessandro Florenzi\Alessandro-Florenzi,it ITA,DFMF,Roma,25,1991,8.3,3,0,0,9,12,0,47,19,12,0,1,0,Matches
Antonio Floro Flores\Antonio-Floro-Flores,it ITA,FW,Chievo,33,1983,6.1,0,0,0,6,18,9,4,2,8,0,0,0,Matches
Seko Fofana\Seko-Fofana,ci CIV,MF,Udinese,21,1995,20.2,3,0,0,25,15,2,18,32,19,0,1,0,Matches
Michele Fornasier\Michele-Fornasier,it ITA,DF,Pescara,22,1993,18,4,0,0,11,5,1,5,35,14,0,1,0,Matches
Remo Freuler\Remo-Freuler,ch SUI,MF,Atalanta,24,1992,29,5,0,0,51,35,1,66,62,55,0,0,0,Matches
Nicolas Frey\Nicolas-Frey,fr FRA,DF,Chievo,32,1984,13.1,2,0,0,14,8,0,26,23,14,0,0,0,Matches
Andrea Fulignati\Andrea-Fulignati,it ITA,GK,Palermo,21,1994,9,0,0,0,0,3,0,0,0,0,0,0,0,Matches
Manolo Gabbiadini\Manolo-Gabbiadini,it ITA,FW,Napoli,24,1991,5.7,0,1,0,6,8,6,2,3,1,0,0,0,Matches
Gabriel\Gabriel,br BRA,GK,Cagliari,23,1992,3,1,0,0,0,0,0,0,1,0,0,1,0,Matches
Roberto Gagliardini\Roberto-Gagliardini,it ITA,MF,Inter,22,1994,17.5,2,0,0,32,29,0,14,35,35,0,0,0,Matches
Roberto Gagliardini\Roberto-Gagliardini,it ITA,MF,Atalanta,22,1994,8.6,5,0,0,22,16,0,6,19,16,0,0,0,Matches
Serge Gakpé\Serge-Gakpe,tg TOG,FW,Genoa,29,1987,3.5,1,0,0,7,5,1,9,3,2,0,0,0,Matches
Serge Gakpé\Serge-Gakpe,tg TOG,FW,Chievo,29,1987,2.8,1,0,0,1,10,4,3,1,1,1,0,0,Matches
Alessandro Gamberini\Alessandro-Gamberini,it ITA,DF,Chievo,34,1981,18.5,1,0,0,9,11,0,1,33,13,0,0,0,Matches
Daniele Gastaldello\Daniele-Gastaldello,it ITA,DF,Bologna,33,1983,21.3,12,3,1,31,21,3,3,59,34,0,1,0,Matches
Alessandro Gazzi\Alessandro-Gazzi,it ITA,MF,Palermo,33,1983,21.6,8,4,2,32,21,0,0,72,26,0,0,0,Matches
Marcello Gazzola\Marcello-Gazzola,it ITA,DF,Sassuolo,31,1985,15.2,3,0,0,17,5,0,52,23,21,0,0,0,Matches
Santiago Gentiletti\Santiago-Gentiletti,ar ARG,DF,Genoa,31,1985,13.5,2,2,1,19,4,0,9,18,15,0,1,0,Matches
Gerson\Gerson,br BRA,MF,Roma,19,1997,1.5,1,0,0,6,2,0,0,3,3,0,0,0,Matches
Faouzi Ghoulam\Faouzi-Ghoulam,dz ALG,DF,Napoli,25,1991,26.5,1,0,0,18,24,4,216,28,27,0,1,0,Matches
Emanuele Giaccherini\Emanuele-Giaccherini,it ITA,FW,Napoli,31,1985,3.3,0,0,0,3,7,1,11,3,0,0,0,0,Matches
Niccolò Giannetti\Niccolo-Giannetti,it ITA,FW,Cagliari,25,1991,2.8,0,0,0,7,10,2,2,0,1,0,0,0,Matches
Alberto Gilardino\Alberto-Gilardino,it ITA,FW,Pescara,34,1982,1.2,0,0,0,2,1,1,0,1,0,0,0,0,Matches
Alberto Gilardino\Alberto-Gilardino,it ITA,FW,Empoli,34,1982,6.7,2,0,0,18,12,12,1,2,1,0,0,0,Matches
Eddy Gnahoré\Eddy-Gnahore,fr FRA,MF,Crotone,22,1993,0.3,0,0,0,0,0,0,1,1,0,0,0,0,Matches
Assane Gnoukouri\Assane-Gnoukouri,ci CIV,MF,Inter,19,1996,1.6,0,0,0,7,0,0,3,4,2,0,0,0,Matches
Massimo Gobbi\Massimo-Gobbi,it ITA,DF,Chievo,35,1980,28.9,5,0,0,30,21,1,60,42,34,0,0,0,Matches
Edoardo Goldaniga\Edoardo-Goldaniga,it ITA,DF,Palermo,22,1993,25.8,11,1,0,40,22,3,2,75,22,0,0,1,Matches
Pierluigi Gollini\Pierluigi-Gollini,it ITA,GK,Atalanta,21,1995,4,1,0,0,0,0,0,0,0,0,0,0,0,Matches
Gustavo Gómez\Gustavo-Gomez,py PAR,DF,Milan,23,1993,12.1,4,0,0,10,7,0,3,26,13,0,0,0,Matches
Papu Gómez\Papu-Gomez,ar ARG,FWMF,Atalanta,28,1988,34.7,6,0,0,35,109,27,359,27,19,3,0,0,Matches
Giancarlo González\Giancarlo-Gonzalez,cr CRC,DF,Palermo,28,1988,18.5,8,3,1,18,5,2,1,46,21,0,1,0,Matches
Alberto Grassi\Alberto-Grassi,it ITA,MF,Atalanta,21,1995,7.8,2,0,0,16,20,4,9,11,13,0,0,0,Matches
Clément Grenier\Clement-Grenier,fr FRA,MF,Roma,25,1991,1.7,1,0,0,5,2,0,10,4,0,0,0,0,Matches
Samuel Gustafson\Samuel-Gustafson,se SWE,MF,Torino,21,1995,2.5,1,0,0,5,5,0,2,5,1,0,0,0,Matches
Jonathan de Guzmán\Jonathan-de-Guzman,nl NED,MF,Chievo,28,1987,15.2,3,0,0,14,12,1,38,8,8,0,0,0,Matches
Norbert Gyömbér\Norbert-Gyomber,sk SVK,DF,Pescara,24,1992,9.4,4,0,0,13,7,0,0,15,13,0,0,0,Matches
Ianis Hagi\Ianis-Hagi,ro ROU,FWMF,Fiorentina,17,1998,0.6,1,0,0,1,5,0,4,0,2,0,0,0,Matches
Emil Hallfreðsson\Emil-Hallfredsson,is ISL,MF,Udinese,32,1984,22,10,0,0,52,28,0,79,37,52,0,0,0,Matches
Marek Hamšík\Marek-Hamsik,sk SVK,MF,Napoli,29,1987,33.7,1,0,0,15,31,3,35,16,30,1,0,0,Matches
Samir Handanovi?\Samir-Handanovic,si SVN,GK,Inter,32,1984,37,4,0,0,0,3,0,0,3,2,0,0,1,Matches
Joe Hart\Joe-Hart,eng ENG,GK,Torino,29,1987,36,2,0,0,0,1,0,0,5,2,0,0,0,Matches
Hans Hateboer\Hans-Hateboer,nl NED,MF,Atalanta,22,1994,3.2,2,0,0,9,2,2,5,5,3,0,0,0,Matches
Filip Helander\Filip-Helander,se SWE,DF,Bologna,23,1993,9.3,3,0,0,8,4,0,1,14,11,0,0,0,Matches
Bruno Henrique\Bruno-Henrique,br BRA,MF,Palermo,26,1989,24.6,7,0,0,53,42,3,77,27,61,0,1,0,Matches
Hernanes\Hernanes,br BRA,MF,Juventus,31,1985,8,3,0,0,20,11,0,7,13,12,0,0,0,Matches
Përparim Hetemaj\Perparim-Hetemaj,fi FIN,MF,Chievo,29,1986,20.8,6,0,0,42,70,1,59,32,39,0,0,0,Matches
Thomas Heurtaux\Thomas-Heurtaux,fr FRA,DF,Udinese,28,1988,5.9,3,0,0,7,1,0,6,12,9,0,0,0,Matches
Gonzalo Higuaín\Gonzalo-Higuain,ar ARG,FW,Juventus,28,1987,33,1,0,0,36,37,30,27,8,17,0,0,0,Matches
Oscar Hiljemark\Oscar-Hiljemark,se SWE,MF,Genoa,24,1992,8.9,0,0,0,11,6,1,23,7,9,0,0,0,Matches
Oscar Hiljemark\Oscar-Hiljemark,se SWE,MF,Palermo,24,1992,11.8,1,0,0,13,7,2,23,14,11,0,0,0,Matches
Wesley Hoedt\Wesley-Hoedt,nl NED,DF,Lazio,22,1994,20.9,5,0,0,33,9,2,4,30,23,0,1,1,Matches
Keisuke Honda\Keisuke-Honda,jp JPN,FW,Milan,30,1986,2.5,0,0,0,4,4,0,22,2,3,0,0,0,Matches
Elseid Hysaj\Elseid-Hysaj,al ALB,DF,Napoli,22,1994,33.7,8,0,0,28,30,5,81,37,54,0,1,1,Matches
Víctor Ibarbo\Victor-Ibarbo,co COL,FWMF,Cagliari,26,1990,0.4,0,0,0,0,3,1,0,1,0,0,0,0,Matches
Mauro Icardi\Mauro-Icardi,ar ARG,FW,Inter,23,1993,33.6,1,0,0,26,33,22,22,5,7,4,0,0,Matches
Pietro Iemmello\Pietro-Iemmello,it ITA,FW,Sassuolo,24,1992,5.7,1,0,0,10,6,3,3,1,0,0,0,0,Matches
Josip Ili?i?\Josip-Ilicic,si SVN,MFFW,Fiorentina,28,1988,20.8,2,0,0,21,59,7,135,13,14,0,0,0,Matches
Ciro Immobile\Ciro-Immobile,it ITA,FW,Lazio,26,1990,34.6,5,0,0,38,47,43,28,7,12,3,0,0,Matches
Roberto Inglese\Roberto-Inglese,it ITA,FW,Chievo,24,1991,21.8,0,0,0,41,37,23,21,2,19,2,0,0,Matches
Lorenzo Insigne\Lorenzo-Insigne,it ITA,FW,Napoli,25,1991,32.5,2,0,0,9,22,25,71,27,32,1,0,0,Matches
Artur Ioni??\Artur-Ionita,md MDA,MF,Cagliari,25,1990,14.5,5,0,0,34,14,2,13,20,25,1,1,0,Matches
Mauricio Isla\Mauricio-Isla,cl CHI,DFMF,Cagliari,28,1988,31.9,10,0,0,37,27,4,54,39,63,0,1,0,Matches
Juan Iturbe\Juan-Iturbe,py PAR,FWMF,Roma,23,1993,0.5,0,0,0,1,0,0,3,0,1,0,0,0,Matches
Juan Iturbe\Juan-Iturbe,py PAR,MFFW,Torino,23,1993,6.1,1,0,0,8,22,2,49,8,11,0,1,0,Matches
Armando Izzo\Armando-Izzo,it ITA,DF,Genoa,24,1992,28.7,5,0,0,33,43,2,22,77,44,0,0,2,Matches
Mato Jajalo\Mato-Jajalo,ba BIH,MF,Palermo,28,1988,20.6,5,0,0,31,18,0,25,36,35,0,0,0,Matches
Arnel Jakupovi?\Arnel-Jakupovic,at AUT,FW,Empoli,18,1998,0,0,0,0,0,0,0,0,0,0,0,0,0,Matches
Lamin Jallow\Lamin-Jallow,gm GAM,FW,Chievo,22,1994,0.2,0,0,0,1,0,0,0,0,1,0,0,0,Matches
Jakub Jankto\Jakub-Jankto,cz CZE,MF,Udinese,20,1996,21.1,6,0,0,17,26,2,116,20,23,0,0,0,Matches
Juan Jesus\Juan-Jesus,br BRA,DF,Roma,25,1991,13.3,5,0,0,25,8,0,4,30,25,0,0,0,Matches
Jorginho\Jorginho,it ITA,MF,Napoli,24,1991,23.7,3,0,0,29,26,0,13,56,49,0,0,0,Matches
Stevan Joveti?\Stevan-Jovetic,me MNE,FWMF,Inter,26,1989,0.8,1,0,0,3,1,2,2,1,0,0,0,0,Matches
Mariano Julio Izco\Mariano-Julio-Izco,ar ARG,MFDF,Chievo,33,1983,13,1,0,0,26,8,0,34,15,30,0,1,0,Matches
Omar El Kaddouri\Omar-El-Kaddouri,ma MAR,MF,Empoli,25,1990,13.8,5,0,0,31,26,4,80,9,17,0,0,0,Matches
Omar El Kaddouri\Omar-El-Kaddouri,ma MAR,MF,Napoli,25,1990,0.5,0,0,0,2,2,0,2,1,2,0,0,0,Matches
Nikola Kalini?\Nikola-Kalinic,hr CRO,FW,Fiorentina,28,1988,27.6,5,1,0,43,67,34,10,6,4,1,0,0,Matches
Orestis Karnezis\Orestis-Karnezis,gr GRE,GK,Udinese,31,1985,32.9,3,0,0,0,5,0,0,2,0,0,1,0,Matches
Grigoris Kastanos\Grigoris-Kastanos,cy CYP,MFFW,Pescara,18,1998,3.1,1,0,0,2,12,0,2,4,2,0,0,0,Matches
Moise Kean\Moise-Kean,it ITA,FW,Juventus,16,2000,0.2,0,0,0,1,1,0,1,0,0,0,0,0,Matches
Franck Kessié\Franck-Kessie,ci CIV,MF,Atalanta,19,1996,24.7,6,3,1,56,31,2,37,35,28,1,0,0,Matches
Sami Khedira\Sami-Khedira,de GER,MF,Juventus,29,1987,28.2,2,0,0,14,29,6,28,32,26,0,0,0,Matches
Ricardo Kishna\Ricardo-Kishna,nl NED,FW,Lazio,21,1995,1.8,0,0,0,1,2,0,5,3,0,0,0,0,Matches
Sofian Kiyine\Sofian-Kiyine,ma MAR,MF,Chievo,18,1997,0.8,1,0,0,3,1,0,7,1,3,0,0,0,Matches
Geoffrey Kondogbia\Geoffrey-Kondogbia,cf CTA,MF,Inter,23,1993,19,5,1,0,43,31,1,4,38,48,0,0,0,Matches
Panagiotis Kone\Panagiotis-Kone,gr GRE,MF,Udinese,29,1987,3.3,1,0,0,3,7,2,11,4,4,0,0,0,Matches
Abdoulay Konko\Abdoulay-Konko,fr FRA,MFDF,Atalanta,32,1984,6.9,2,0,0,14,7,0,6,16,9,0,0,0,Matches
Andrej Kotnik\Andrej-Kotnik,si SVN,MF,Crotone,20,1995,0.3,0,0,0,0,0,0,0,0,0,0,0,0,Matches
Kalidou Koulibaly\Kalidou-Koulibaly,sn SEN,DF,Napoli,25,1991,27.5,6,0,0,43,13,2,8,67,51,0,0,0,Matches
Emil Krafth\Emil-Krafth,se SWE,DF,Bologna,21,1994,18.4,1,2,0,18,9,0,44,33,24,0,0,0,Matches
Ladislav Krej?í\Ladislav-Krejci,cz CZE,FWMF,Bologna,24,1992,30.8,2,0,0,29,43,19,134,23,22,0,0,0,Matches
Rade Kruni?\Rade-Krunic,ba BIH,MF,Empoli,22,1993,27,10,0,0,50,79,0,34,53,62,1,0,0,Matches
Juraj Kucka\Juraj-Kucka,sk SVK,MF,Milan,29,1987,23.1,10,5,2,48,40,3,18,31,39,0,2,1,Matches
Sven Kums\Sven-Kums,be BEL,MF,Udinese,28,1988,20.3,3,0,0,21,18,0,60,38,55,0,0,0,Matches
Jasmin Kurti?\Jasmin-Kurtic,si SVN,MFFW,Atalanta,27,1989,30.4,7,0,0,56,58,8,54,28,32,0,0,0,Matches
Han Kwang-song\Han-Kwang-song,kp PRK,FW,Cagliari,17,1998,0.7,0,0,0,2,2,4,1,0,2,0,0,0,Matches
Eugenio Lamanna\Eugenio-Lamanna,it ITA,GK,Genoa,26,1989,20.9,0,0,0,0,2,0,0,4,0,0,1,0,Matches
Gianluca Lapadula\Gianluca-Lapadula,pe PER,FW,Milan,26,1990,14,3,0,0,49,31,18,4,2,11,2,0,0,Matches
Danilo Larangeira\Danilo-Larangeira,br BRA,DF,Udinese,32,1984,35.6,9,1,0,37,11,3,13,54,36,0,1,1,Matches
Vincent Laurini\Vincent-Laurini,fr FRA,DF,Empoli,27,1989,21.2,2,1,0,23,31,0,35,42,35,0,0,0,Matches
Diego Laxalt\Diego-Laxalt,uy URU,MF,Genoa,23,1993,34.8,5,0,0,47,68,1,149,46,47,0,0,0,Matches
Darko Lazovi?\Darko-Lazovic,rs SRB,MFFW,Genoa,25,1990,27.2,4,2,1,20,15,4,196,34,36,0,0,0,Matches
Moritz Leitner\Moritz-Leitner,de GER,MF,Lazio,23,1992,0.2,0,0,0,0,0,0,0,1,1,0,0,0,Matches
Mario Lemina\Mario-Lemina,ga GAB,MF,Juventus,22,1993,10.1,1,0,0,15,11,2,6,13,21,0,0,0,Matches
Timo Letschert\Timo-Letschert,nl NED,DF,Sassuolo,23,1993,7.4,2,1,0,9,3,0,4,14,8,0,1,0,Matches
Luca Lezzerini\Luca-Lezzerini,it ITA,GK,Fiorentina,21,1995,0.6,0,0,0,0,1,0,0,0,0,0,0,0,Matches
Stephan Lichtsteiner\Stephan-Lichtsteiner,ch SUI,DFMF,Juventus,32,1984,20.7,5,0,0,22,25,2,79,19,20,0,1,0,Matches
Karol Linetty\Karol-Linetty,pl POL,MF,Sampdoria,21,1995,26.5,5,0,0,52,52,1,17,28,74,0,0,0,Matches
Pol Lirola\Pol-Lirola,es ESP,DF,Sassuolo,18,1997,17.2,3,0,0,13,12,0,64,25,31,1,1,0,Matches
Adem Ljaji?\Adem-Ljajic,rs SRB,FWMF,Torino,24,1991,27.9,5,0,0,9,31,3,74,18,9,1,0,0,Matches
Simone Lo Faso\Simone-Lo-Faso,it ITA,MF,Palermo,18,1998,2.8,0,0,0,3,5,0,6,0,1,0,0,0,Matches
Manuel Locatelli\Manuel-Locatelli,it ITA,MF,Milan,18,1998,18.8,7,0,0,29,32,0,7,20,41,0,0,0,Matches
Francesco Lodi\Francesco-Lodi,it ITA,MF,Udinese,32,1984,0.1,0,0,0,0,0,0,1,0,0,0,0,0,Matches
Cristiano Lombardi\Cristiano-Lombardi,it ITA,FW,Lazio,20,1995,4.9,4,0,0,12,8,3,27,2,8,1,0,1,Matches
Maxi López\Maxi-Lopez,ar ARG,FW,Torino,32,1984,4.9,2,0,0,24,7,5,4,0,5,0,0,0,Matches
Jordan Lukaku\Jordan-Lukaku,be BEL,MFDF,Lazio,22,1994,9.5,2,0,0,11,2,5,24,10,16,0,0,0,Matches
Saša Luki?\Sasa-Lukic,rs SRB,MF,Torino,19,1996,8.6,6,0,0,18,12,0,12,24,13,0,0,0,Matches
Senad Luli?\Senad-Lulic,ba BIH,MFFW,Lazio,30,1986,27.6,8,2,1,46,29,5,92,51,58,1,0,0,Matches
Massimo Maccarone\Massimo-Maccarone,it ITA,FW,Empoli,36,1979,16.8,3,1,0,26,43,19,22,3,9,1,0,0,Matches
Christian Maggio\Christian-Maggio,it ITA,DF,Napoli,34,1982,4.4,0,0,0,2,7,0,19,9,10,0,0,0,Matches
Francesco Magnanelli\Francesco-Magnanelli,it ITA,MF,Sassuolo,31,1984,13.3,2,0,0,25,35,0,4,38,34,0,0,0,Matches
Raffaele Maiello\Raffaele-Maiello,it ITA,MF,Empoli,25,1991,0.7,0,0,0,1,0,0,0,1,0,0,0,0,Matches
Domenico Maietta\Domenico-Maietta,it ITA,DF,Bologna,33,1982,26.4,8,0,0,31,12,0,6,88,52,0,0,0,Matches
Nikola Maksimovi?\Nikola-Maksimovic,rs SRB,DF,Napoli,24,1991,7.5,1,0,0,7,8,0,1,10,7,0,0,0,Matches
Rey Manaj\Rey-Manaj,al ALB,FW,Pescara,19,1997,5.3,2,0,0,12,10,9,1,0,4,0,0,0,Matches
Rolando Mandragora\Rolando-Mandragora,it ITA,MF,Juventus,19,1997,0.1,0,0,0,0,1,0,0,0,0,0,0,0,Matches
Mario Mandžuki?\Mario-Mandzukic,hr CRO,FWMF,Juventus,30,1986,27.6,5,0,0,42,43,13,28,28,28,0,0,0,Matches
Kostas Manolas\Kostas-Manolas,gr GRE,DF,Roma,25,1991,30.8,7,0,0,36,20,0,5,68,31,0,0,0,Matches
Giovanni Marchese\Giovanni-Marchese,it ITA,DF,Genoa,31,1984,0.1,0,0,0,0,0,0,1,0,0,0,0,0,Matches
Federico Marchetti\Federico-Marchetti,it ITA,GK,Lazio,33,1983,16.5,0,0,0,0,2,0,0,0,0,0,0,0,Matches
Claudio Marchisio\Claudio-Marchisio,it ITA,MF,Juventus,30,1986,13.9,2,0,0,23,12,0,8,38,12,0,0,0,Matches
Gian Marco Ferrari\Gian-Marco-Ferrari,it ITA,DF,Crotone,24,1992,37,8,0,0,49,30,0,3,74,46,0,3,0,Matches
Guido Marilungo\Guido-Marilungo,it ITA,FW,Empoli,26,1989,10.5,2,0,0,13,27,5,14,2,12,0,0,0,Matches
João Mário\Joao-Mario,pt POR,MF,Inter,23,1993,22.3,5,0,0,33,43,1,92,31,25,0,0,0,Matches
Bruno Martella\Bruno-Martella,it ITA,DFMF,Crotone,23,1992,25.8,4,0,0,19,3,4,112,55,33,0,0,0,Matches
Josef Martínez\Josef-Martinez,ve VEN,FW,Torino,23,1993,5.9,3,0,0,6,6,4,14,2,6,0,0,0,Matches
Andrea Masiello\Andrea-Masiello,it ITA,DF,Atalanta,30,1986,32.5,9,0,0,37,23,3,10,91,38,0,0,0,Matches
Adam Masina\Adam-Masina,ma MAR,DF,Bologna,22,1994,27,6,1,0,48,25,5,51,61,53,0,0,0,Matches
Ryder Matos\Ryder-Matos,br BRA,FWMF,Udinese,23,1993,6.2,0,0,0,13,29,1,24,8,6,0,0,0,Matches
Alessandro Matri\Alessandro-Matri,it ITA,FW,Sassuolo,31,1984,16.2,1,0,0,9,16,20,18,6,0,0,0,0,Matches
José Mauri\Jose-Mauri,it ITA,MF,Empoli,20,1996,9.7,4,0,0,15,22,0,6,13,23,0,0,0,Matches
Luca Mazzitelli\Luca-Mazzitelli,it ITA,MF,Sassuolo,20,1995,11.6,8,0,0,36,23,1,18,26,28,0,0,0,Matches
Ibrahima Mbaye\Ibrahima-Mbaye,sn SEN,DF,Bologna,21,1994,11.9,4,0,0,19,17,0,4,26,24,0,0,2,Matches
Levan Mchedlidze\Levan-Mchedlidze,ge GEO,FW,Empoli,26,1990,10.5,3,0,0,25,20,14,11,2,7,1,0,0,Matches
Gary Medel\Gary-Medel,cl CHI,DFMF,Inter,28,1987,24,5,0,0,20,23,0,0,41,41,0,2,0,Matches
Riccardo Meggiorini\Riccardo-Meggiorini,it ITA,FW,Chievo,30,1985,19.7,6,0,0,47,45,18,17,12,19,2,0,0,Matches
Federico Melchiorri\Federico-Melchiorri,it ITA,FW,Cagliari,29,1987,5.2,1,0,0,6,6,7,7,4,6,2,0,0,Matches
Filippo Melegoni\Filippo-Melegoni,it ITA,MF,Atalanta,17,1999,0.5,0,0,0,2,1,0,0,1,2,0,0,0,Matches
Felipe Melo\Felipe-Melo,br BRA,MF,Inter,33,1983,2,2,2,1,7,2,0,0,4,4,0,0,0,Matches
Ledian Memushaj\Ledian-Memushaj,al ALB,MF,Pescara,29,1986,32.8,3,0,0,43,66,8,59,45,47,2,0,0,Matches
Dries Mertens\Dries-Mertens,be BEL,FW,Napoli,29,1987,28.4,6,0,0,44,55,16,47,10,15,3,0,0,Matches
Djamel Mesbah\Djamel-Mesbah,dz ALG,DF,Crotone,31,1984,7.6,1,0,0,9,15,0,17,9,10,1,0,0,Matches
Senna Miangue\Senna-Miangue,be BEL,DF,Cagliari,19,1997,1.5,1,0,0,4,0,0,1,2,1,0,0,0,Matches
Senna Miangue\Senna-Miangue,be BEL,DF,Inter,19,1997,1.4,0,0,0,2,1,0,3,4,5,0,0,0,Matches
Giulio Migliaccio\Giulio-Migliaccio,it ITA,DFMF,Atalanta,35,1981,0.1,0,0,0,0,0,0,0,0,1,0,0,0,Matches
Hrvoje Mili?\Hrvoje-Milic,hr CRO,MFDF,Fiorentina,27,1989,13.9,4,0,0,18,15,3,72,17,19,0,0,0,Matches
Hrvoje Mili?evi?\Hrvoje-Milicevic,hr CRO,DF,Pescara,23,1993,1.5,1,0,0,2,1,0,1,4,4,0,0,0,Matches
Arkadiusz Milik\Arkadiusz-Milik,pl POL,FW,Napoli,22,1994,6.2,1,0,0,12,7,5,5,1,2,0,0,0,Matches
Sergej Milinkovi?-Savi?\Sergej-Milinkovic-Savic,rs SRB,MF,Lazio,21,1995,30.3,8,0,0,69,62,8,34,39,54,1,0,0,Matches
Miranda\Miranda,br BRA,DF,Inter,31,1984,32,6,0,0,55,55,2,4,74,56,0,0,0,Matches
Antonio Mirante\Antonio-Mirante,it ITA,GK,Bologna,33,1983,20.9,0,0,0,0,1,0,0,0,1,0,0,0,Matches
Simone Missiroli\Simone-Missiroli,it ITA,MF,Sassuolo,30,1986,8.5,3,0,0,11,14,0,2,15,12,0,0,0,Matches
Alexandru Mitri??\Alexandru-Mitrita,ro ROU,MFFW,Pescara,21,1995,6.1,1,0,0,10,16,0,15,5,5,1,0,0,Matches
Jan Mlakar\Jan-Mlakar,si SVN,FW,Fiorentina,17,1998,0.2,0,0,0,0,0,0,0,0,0,0,0,0,Matches
Cristian Molinaro\Cristian-Molinaro,it ITA,DF,Torino,33,1983,8.3,2,0,0,15,6,0,21,22,20,0,0,0,Matches
Riccardo Montolivo\Riccardo-Montolivo,it ITA,MF,Milan,31,1985,8.6,2,0,0,6,8,0,5,17,11,0,0,0,Matches
Emiliano Moretti\Emiliano-Moretti,it ITA,DF,Torino,35,1981,22.9,5,0,0,23,25,0,6,49,30,0,0,0,Matches
Michel Morganella\Michel-Morganella,ch SUI,MFDF,Palermo,27,1989,7.2,3,0,0,14,7,0,13,13,14,0,1,0,Matches
Archimede Morleo\Archimede-Morleo,it ITA,DF,Bologna,32,1983,0.3,0,0,0,1,2,0,0,3,0,0,0,0,Matches
Leonardo Morosini\Leonardo-Morosini,it ITA,MF,Genoa,20,1995,1,0,0,0,1,2,1,3,0,1,0,0,0,Matches
Anthony Mounier\Anthony-Mounier,fr FRA,FWMF,Atalanta,28,1987,1.2,0,0,0,1,2,1,13,1,2,0,0,0,Matches
Anthony Mounier\Anthony-Mounier,fr FRA,FW,Bologna,28,1987,3.2,0,0,0,6,3,2,6,1,2,0,0,0,Matches
Gianni Munari\Gianni-Munari,it ITA,MF,Cagliari,33,1983,3.9,5,0,0,6,5,0,1,10,5,0,0,0,Matches
Ezequiel Muñoz\Ezequiel-Munoz,ar ARG,DF,Genoa,25,1990,26.1,3,0,0,40,12,4,5,52,60,0,1,1,Matches
Sulley Muntari\Sulley-Muntari,gh GHA,MF,Pescara,31,1984,5.9,5,1,0,17,5,0,9,7,8,0,0,0,Matches
Alessandro Murgia\Alessandro-Murgia,it ITA,MF,Lazio,19,1996,5.5,1,0,0,12,15,0,9,10,18,0,0,0,Matches
Robert Muri?\Robert-Muric,hr CRO,FW,Pescara,20,1996,2.1,0,0,0,2,3,0,10,1,2,0,0,0,Matches
Luis Muriel\Luis-Muriel,co COL,FW,Sampdoria,25,1991,25,4,1,0,32,34,26,54,5,22,2,0,0,Matches
Jeison Murillo\Jeison-Murillo,co COL,DF,Inter,24,1992,23.1,6,0,0,32,42,0,5,50,43,0,1,0,Matches
Nicola Murru\Nicola-Murru,it ITA,DF,Cagliari,21,1994,24.1,3,0,0,32,26,4,55,43,42,1,1,0,Matches
Yuto Nagatomo\Yuto-Nagatomo,jp JPN,DF,Inter,29,1986,11.3,2,0,0,24,10,2,20,22,24,0,0,0,Matches
Ádám Nagy\Adam-Nagy,hu HUN,MF,Bologna,21,1995,20,4,0,0,21,14,0,18,28,23,0,0,0,Matches
Radja Nainggolan\Radja-Nainggolan,be BEL,MF,Roma,28,1988,33.7,2,0,0,46,57,9,89,44,58,0,0,0,Matches
Andrea Nalini\Andrea-Nalini,it ITA,MFFW,Crotone,26,1990,9.1,2,0,0,14,24,6,24,15,18,0,0,0,Matches
Ilija Nestorovski\Ilija-Nestorovski,mk MKD,FW,Palermo,26,1990,34.5,5,0,0,68,102,39,10,16,21,0,0,0,Matches
Neto\Neto,br BRA,GK,Juventus,27,1989,7.5,0,0,0,0,1,0,0,0,0,0,0,0,Matches
M'Baye Niang\MBaye-Niang,sn SEN,FW,Milan,21,1994,12.4,1,2,1,29,34,9,57,3,11,1,0,0,Matches
Nikola Ninkovi?\Nikola-Ninkovic,rs SRB,FWMF,Genoa,21,1994,7.3,3,0,0,21,14,0,55,5,11,0,0,0,Matches
Olivier Ntcham\Olivier-Ntcham,fr FRA,MFFW,Genoa,20,1996,10.8,3,0,0,24,13,1,9,8,21,0,0,0,Matches
Simeon Nwankwo\Simeon-Nwankwo,ng NGA,FW,Crotone,24,1992,6.4,0,0,0,25,9,5,2,4,3,0,0,0,Matches
Joel Obi\Joel-Obi,ng NGA,MF,Torino,25,1991,8.6,3,0,0,32,14,1,16,26,17,0,1,0,Matches
Lucas Ocampos\Lucas-Ocampos,ar ARG,FW,Milan,22,1994,6,3,0,0,12,14,1,24,5,5,1,0,0,Matches
Lucas Ocampos\Lucas-Ocampos,ar ARG,FW,Genoa,22,1994,9.3,2,0,0,10,18,3,30,9,12,0,0,0,Matches
Marios Oikonomou\Marios-Oikonomou,gr GRE,DF,Bologna,23,1992,13.9,1,0,0,16,17,0,4,37,13,0,2,0,Matches
Orji Okwonkwo\Orji-Okwonkwo,ng NGA,MF,Bologna,18,1998,2.8,1,0,0,4,5,2,7,2,7,0,0,0,Matches
Maximiliano Olivera\Maximiliano-Olivera,uy URU,MFDF,Fiorentina,24,1992,12.4,4,0,0,27,12,2,49,18,17,0,0,0,Matches
Lucas Orbán\Lucas-Orban,ar ARG,DF,Genoa,27,1989,8.6,4,1,0,23,9,0,9,30,14,0,1,1,Matches
Juan Pablo Carrizo\Juan-Pablo-Carrizo,ar ARG,GK,Inter,32,1984,1,0,0,0,0,0,0,0,0,0,0,0,0,Matches
Daniele Padelli\Daniele-Padelli,it ITA,GK,Torino,30,1985,2,1,0,0,0,0,0,0,0,0,0,0,0,Matches
Simone Padoin\Simone-Padoin,it ITA,MF,Cagliari,32,1984,24.2,6,0,0,26,25,2,42,31,31,0,0,0,Matches
Marko Paja?\Marko-Pajac,hr CRO,MF,Cagliari,23,1993,0.1,0,0,0,0,0,0,0,0,0,0,0,0,Matches
Rodrigo Palacio\Rodrigo-Palacio,ar ARG,FW,Inter,34,1982,4.8,1,0,0,8,8,4,18,3,9,0,0,0,Matches
Gabriel Paletta\Gabriel-Paletta,it ITA,DF,Milan,30,1986,28.8,6,8,3,31,20,1,7,44,39,2,3,1,Matches
Raffaele Palladino\Raffaele-Palladino,it ITA,FWMF,Genoa,32,1984,9.5,1,0,0,15,12,3,49,4,10,0,0,0,Matches
Raffaele Palladino\Raffaele-Palladino,it ITA,FWMF,Crotone,32,1984,15.9,5,0,0,26,22,9,52,10,22,0,0,0,Matches
Emerson Palmieri\Emerson-Palmieri,it ITA,DFMF,Roma,21,1994,21.8,1,0,0,12,44,0,98,45,32,0,0,0,Matches
Angelo Palombo\Angelo-Palombo,it ITA,DF,Sampdoria,34,1981,2.4,1,0,0,2,3,0,0,7,1,0,1,0,Matches
Alberto Paloschi\Alberto-Paloschi,it ITA,FW,Atalanta,26,1990,4.9,0,0,0,10,8,4,0,0,4,0,0,0,Matches
Goran Pandev\Goran-Pandev,mk MKD,FWMF,Genoa,33,1983,9.5,1,1,0,8,31,5,9,2,9,2,0,0,Matches
Leandro Paredes\Leandro-Paredes,ar ARG,MF,Roma,22,1994,16.5,4,0,0,25,25,0,86,38,36,0,1,0,Matches
Vittorio Parigini\Vittorio-Parigini,it ITA,FWMF,Chievo,20,1996,0.3,0,0,0,2,1,1,2,0,0,0,0,0,Matches
Marco Parolo\Marco-Parolo,it ITA,MF,Lazio,31,1985,33.1,11,0,0,56,24,2,43,62,73,0,1,0,Matches
Mario Pašali?\Mario-Pasalic,hr CRO,MF,Milan,21,1995,19.5,5,0,0,20,15,3,19,18,20,1,0,0,Matches
Manuel Pasqual\Manuel-Pasqual,it ITA,DF,Empoli,34,1982,31.2,7,0,0,33,28,4,273,38,38,0,1,0,Matches
Patric\Patric,es ESP,DFMF,Lazio,23,1993,11.3,4,0,0,5,8,2,16,10,17,1,0,0,Matches
Daniel Pavlovi?\Daniel-Pavlovic,ba BIH,DF,Sampdoria,28,1988,8,2,0,0,12,1,0,33,10,8,0,0,0,Matches
Leonardo Pavoletti\Leonardo-Pavoletti,it ITA,FW,Genoa,27,1988,6.5,2,0,0,18,8,7,0,2,3,0,1,0,Matches
Leonardo Pavoletti\Leonardo-Pavoletti,it ITA,FW,Napoli,27,1988,2.2,0,0,0,7,1,2,2,3,1,0,0,0,Matches
João Pedro\Joao-Pedro,br BRA,MFFW,Cagliari,24,1992,16.1,4,1,0,33,51,6,36,11,18,0,0,0,Matches
Gianluca Pegolo\Gianluca-Pegolo,it ITA,GK,Sassuolo,35,1981,1,0,0,0,0,0,0,0,0,0,0,0,0,Matches
Alberto Pelagotti\Alberto-Pelagotti,it ITA,GK,Empoli,26,1989,3,0,0,0,0,2,0,0,0,0,0,0,0,Matches
Pietro Pellegri\Pietro-Pellegri,it ITA,FW,Genoa,15,2001,0.8,0,0,0,1,1,2,1,2,0,0,0,0,Matches
Lorenzo Pellegrini\Lorenzo-Pellegrini,it ITA,MF,Sassuolo,20,1996,21.6,7,1,0,43,29,0,77,37,28,0,0,0,Matches
Sergio Pellissier\Sergio-Pellissier,it ITA,FW,Chievo,37,1979,19.2,1,0,0,17,38,35,10,5,6,1,0,0,Matches
Federico Peluso\Federico-Peluso,it ITA,DF,Sassuolo,32,1984,33.1,12,0,0,44,29,3,57,55,47,0,0,0,Matches
Adalberto Peñaranda\Adalberto-Penaranda,ve VEN,FW,Udinese,19,1997,1.8,0,0,0,4,6,0,1,1,3,0,0,0,Matches
Simone Pepe\Simone-Pepe,it ITA,MFFW,Pescara,32,1983,4.4,0,0,0,4,10,7,49,0,2,0,0,0,Matches
Matheus Pereira\Matheus-Pereira,br BRA,FWMF,Empoli,20,1996,0.1,0,0,,0,,,,,,,,,Matches
Pedro Pereira\Pedro-Pereira,pt POR,FW,Sampdoria,32,1984,8.8,5,0,,15,,,,,,,,,Matches
Bruno Peres\Bruno-Peres,br BRA,MFDF,Roma,26,1990,24.7,3,0,0,20,40,3,113,41,26,0,1,0,Matches
Joshua Pérez\Joshua-Perez,us USA,FW,Fiorentina,18,1998,0.2,0,0,0,0,0,0,0,0,0,0,0,0,Matches
Stipe Perica\Stipe-Perica,hr CRO,FWMF,Udinese,21,1995,12.1,4,0,0,29,26,3,10,3,9,0,0,0,Matches
Mattia Perin\Mattia-Perin,it ITA,GK,Genoa,23,1992,15.1,1,1,0,0,0,0,0,1,1,0,1,0,Matches
Ivan Periši?\Ivan-Perisic,hr CRO,MFFW,Inter,27,1989,30.6,2,1,0,23,15,17,204,36,40,0,0,0,Matches
Diego Perotti\Diego-Perotti,ar ARG,MFFW,Roma,28,1988,19.4,2,0,0,16,53,1,154,22,35,3,0,0,Matches
Aleksandar Peši?\Aleksandar-Pesic,rs SRB,FW,Atalanta,24,1992,1,0,0,0,4,1,1,1,1,1,0,0,0,Matches
Andrea Petagna\Andrea-Petagna,it ITA,FW,Atalanta,21,1995,29,2,0,0,57,70,12,12,3,9,2,0,0,Matches
Bruno Petkovi?\Bruno-Petkovic,hr CRO,FW,Bologna,21,1994,5.9,1,0,0,17,17,2,2,8,7,0,0,0,Matches
Stefano Pettinari\Stefano-Pettinari,it ITA,FW,Pescara,24,1992,2.9,1,0,0,9,10,3,0,2,2,0,0,0,Matches
Giuseppe Pezzella\Giuseppe-Pezzella,it ITA,DFMF,Palermo,18,1997,8.9,1,0,0,7,9,1,28,10,12,0,0,0,Matches
Andrea Pinamonti\Andrea-Pinamonti,it ITA,FW,Inter,17,1999,0.2,0,0,0,0,0,0,0,1,1,0,0,0,Matches
Mauricio Pinilla\Mauricio-Pinilla,cl CHI,FW,Genoa,32,1984,6.1,3,1,0,26,8,6,7,0,2,0,0,0,Matches
Mauricio Pinilla\Mauricio-Pinilla,cl CHI,FW,Atalanta,32,1984,1.7,2,0,0,7,2,5,3,0,1,0,0,0,Matches
Fabio Pisacane\Fabio-Pisacane,it ITA,DF,Cagliari,30,1986,28.3,7,0,0,35,26,3,31,68,53,0,2,0,Matches
Marko Pjaca\Marko-Pjaca,hr CRO,MF,Juventus,21,1995,5.1,1,0,0,8,6,0,10,2,7,0,0,0,Matches
Miralem Pjani?\Miralem-Pjanic,ba BIH,MF,Juventus,26,1990,24.1,5,0,0,27,27,3,146,33,29,0,0,0,Matches
Andrea Poli\Andrea-Poli,it ITA,MFDF,Milan,26,1989,4.3,1,0,0,9,6,0,4,10,9,0,0,0,Matches
Matteo Politano\Matteo-Politano,it ITA,FW,Sassuolo,22,1993,25.7,5,0,0,21,41,2,122,17,29,0,0,0,Matches
Josip Posavec\Josip-Posavec,hr CRO,GK,Palermo,20,1996,29,1,0,0,0,7,0,0,2,0,0,0,0,Matches
Dennis Praet\Dennis-Praet,be BEL,MF,Sampdoria,22,1994,20,4,0,0,32,25,1,67,31,26,0,0,0,Matches
Franjo Prce\Franjo-Prce,hr CRO,DF,Lazio,20,1996,0,0,0,0,0,0,0,0,0,0,0,0,0,Matches
Manuel Pucciarelli\Manuel-Pucciarelli,it ITA,FW,Empoli,25,1991,25.6,2,0,0,32,31,10,31,24,28,1,0,0,Matches
Christian Puggioni\Christian-Puggioni,it ITA,GK,Sampdoria,35,1981,21,3,0,0,0,5,0,0,1,0,0,1,0,Matches
Erick Pulgar\Erick-Pulgar,cl CHI,MF,Bologna,22,1994,17.7,6,3,1,25,26,1,17,46,42,0,2,0,Matches
Fabio Quagliarella\Fabio-Quagliarella,it ITA,FW,Sampdoria,33,1983,31.9,2,0,0,41,53,32,51,12,11,2,0,0,Matches
Robin Quaison\Robin-Quaison,se SWE,FWMF,Palermo,22,1993,12,5,0,0,26,15,2,20,8,9,0,0,0,Matches
Ivan Radovanovi?\Ivan-Radovanovic,rs SRB,MF,Chievo,27,1988,32.2,10,0,0,60,50,0,18,46,54,0,0,0,Matches
?tefan Radu\Stefan-Radu,ro ROU,DF,Lazio,29,1986,26.7,10,0,0,28,26,1,39,44,26,0,1,0,Matches
Rafael\Rafael,br BRA,GK,Cagliari,34,1982,20,0,0,0,0,5,0,0,1,1,0,0,0,Matches
Antonino Ragusa\Antonino-Ragusa,it ITA,FWMF,Sassuolo,26,1990,16,5,0,0,15,37,9,25,14,20,2,0,0,Matches
Cristian Raimondi\Cristian-Raimondi,it ITA,MFDF,Atalanta,35,1981,3.1,3,0,0,8,8,1,10,11,2,0,1,0,Matches
Slobodan Rajkovi?\Slobodan-Rajkovic,rs SRB,DF,Palermo,27,1989,3.3,1,2,1,4,5,0,0,7,4,0,1,0,Matches
Andrea Ranocchia\Andrea-Ranocchia,it ITA,DF,Inter,28,1988,4.2,2,0,0,13,0,0,0,7,7,0,0,0,Matches
Vasco Regini\Vasco-Regini,it ITA,DF,Sampdoria,25,1990,30.9,5,0,0,18,11,0,82,56,52,0,1,0,Matches
Pepe Reina\Pepe-Reina,es ESP,GK,Napoli,33,1982,37,1,0,0,0,7,0,0,5,0,0,1,0,Matches
Federico Ricci\Federico-Ricci,it ITA,FW,Sassuolo,22,1994,11.9,4,0,0,25,28,2,60,10,29,0,1,0,Matches
Luca Rigoni\Luca-Rigoni,it ITA,MFFW,Genoa,31,1984,26.1,13,0,0,59,43,14,25,25,47,0,0,0,Matches
Nicola Rigoni\Nicola-Rigoni,it ITA,MF,Chievo,25,1990,5.6,2,0,0,16,1,0,0,2,10,0,0,0,Matches
Tomás Rincón\Tomas-Rincon,ve VEN,MF,Genoa,28,1988,15.4,4,0,0,43,29,0,9,21,24,0,1,0,Matches
Tomás Rincón\Tomas-Rincon,ve VEN,MF,Juventus,28,1988,3.4,0,0,0,5,3,0,3,10,5,0,0,0,Matches
Andrea Rispoli\Andrea-Rispoli,it ITA,MFDF,Palermo,27,1988,29.8,5,0,0,27,16,5,136,49,29,0,0,0,Matches
Luca Rizzo\Luca-Rizzo,it ITA,FW,Bologna,24,1992,5.1,0,0,0,2,4,1,13,6,8,0,0,0,Matches
Gonzalo Rodríguez\Gonzalo-Rodriguez,ar ARG,DF,Fiorentina,32,1984,24.5,7,3,1,25,18,0,1,51,35,0,1,0,Matches
Marko Rog\Marko-Rog,hr CRO,MF,Napoli,21,1995,4.3,4,0,0,15,12,0,1,4,9,0,0,0,Matches
Marcus Rohdén\Marcus-Rohden,se SWE,MF,Crotone,25,1991,27.2,4,0,0,35,25,4,56,39,49,0,0,0,Matches
Alessio Romagnoli\Alessio-Romagnoli,it ITA,DF,Milan,21,1995,26.3,5,2,1,18,17,3,2,40,22,0,0,0,Matches
Aleandro Rosi\Aleandro-Rosi,it ITA,DFMF,Crotone,29,1987,28.4,12,0,0,56,53,8,95,60,43,0,0,0,Matches
Luca Rossettini\Luca-Rossettini,it ITA,DF,Torino,31,1985,29.5,8,0,0,33,19,1,4,64,40,1,1,0,Matches
Alessandro Rossi\Alessandro-Rossi,it ITA,FW,Lazio,19,1997,0.5,0,0,0,1,1,1,0,0,2,0,0,0,Matches
Giuseppe Rossi\Giuseppe-Rossi,it ITA,FW,Fiorentina,29,1987,0.1,0,0,0,1,1,0,0,0,0,0,0,0,Matches
Rubinho\Rubinho,br BRA,GK,Genoa,33,1982,2,0,0,0,0,0,0,0,0,0,0,0,1,Matches
Antonio Rüdiger\Antonio-Rudiger,de GER,DF,Roma,23,1993,24.5,7,1,0,45,25,2,54,29,39,0,0,0,Matches
Daniele Rugani\Daniele-Rugani,it ITA,DF,Juventus,22,1994,12,4,0,0,13,12,2,1,22,13,0,0,0,Matches
Gennaro Ruggiero\Gennaro-Ruggiero,it ITA,MF,Palermo,16,2000,1.7,0,0,,2,,,,,,,,,Matches
Mário Rui\Mario-Rui,pt POR,MFDF,Roma,25,1991,3.9,1,0,0,2,6,0,17,1,7,0,0,0,Matches
Umar Sadiq\Umar-Sadiq,ng NGA,FW,Bologna,19,1997,2.6,2,0,0,10,5,3,0,1,3,0,0,0,Matches
Trent Sainsbury\Trent-Sainsbury,au AUS,DF,Inter,24,1992,0.2,1,0,0,1,0,0,0,1,1,0,0,0,Matches
Jacopo Sala\Jacopo-Sala,it ITA,DF,Sampdoria,24,1991,17.3,5,0,0,17,17,0,74,30,33,0,1,0,Matches
Mohamed Salah\Mohamed-Salah,eg EGY,MFFW,Roma,24,1992,27.5,2,0,0,27,26,25,79,13,24,3,0,0,Matches
Bartosz Salamon\Bartosz-Salamon,pl POL,DF,Cagliari,25,1991,9.3,1,0,0,9,3,0,1,26,7,0,0,0,Matches
Carlos Salcedo\Carlos-Salcedo,mx MEX,DF,Fiorentina,22,1993,15,7,0,0,21,16,2,17,33,20,0,2,0,Matches
Roland Sallai\Roland-Sallai,hu HUN,FWMF,Palermo,19,1997,10.6,4,2,1,38,29,1,15,10,11,0,0,0,Matches
Aniello Salzano\Aniello-Salzano,it ITA,MF,Crotone,25,1991,5.6,0,0,0,6,4,0,17,6,5,0,0,0,Matches
Mario Sampirisi\Mario-Sampirisi,it ITA,DFMF,Crotone,23,1992,13.4,1,0,0,11,9,1,26,33,21,0,2,0,Matches
Carlos Sánchez\Carlos-Sanchez,co COL,DFMF,Fiorentina,30,1986,24,6,0,0,33,20,1,10,48,52,0,0,0,Matches
Alex Sandro\Alex-Sandro,br BRA,MFDF,Juventus,25,1991,25.7,5,0,0,41,55,3,111,56,44,1,0,1,Matches
Davide Santon\Davide-Santon,it ITA,DF,Inter,25,1991,11.3,1,0,0,12,18,0,24,35,19,0,1,0,Matches
Samir Santos\Samir-Santos,br BRA,DF,Udinese,21,1994,19.8,3,0,0,20,43,0,30,43,43,0,0,0,Matches
Riccardo Saponara\Riccardo-Saponara,it ITA,MF,Fiorentina,24,1991,4.7,1,0,0,6,8,1,11,2,5,0,0,0,Matches
Riccardo Saponara\Riccardo-Saponara,it ITA,MF,Empoli,24,1991,17,4,0,0,16,33,10,19,12,14,0,0,0,Matches
Gennaro Sardo\Gennaro-Sardo,it ITA,DF,Chievo,37,1979,0.1,0,0,0,0,0,0,0,0,0,0,0,0,Matches
Marco Sau\Marco-Sau,it ITA,FWMF,Cagliari,28,1987,25.8,5,0,0,48,53,30,19,17,25,0,0,0,Matches
Patrik Schick\Patrik-Schick,cz CZE,FW,Sampdoria,20,1996,17.4,2,0,0,31,33,11,14,9,6,1,0,0,Matches
Simone Scuffet\Simone-Scuffet,it ITA,GK,Udinese,20,1996,5.1,0,0,0,0,0,0,0,0,0,0,0,0,Matches
Andrea Seculin\Andrea-Seculin,it ITA,GK,Chievo,26,1990,4,0,0,0,0,0,0,0,0,0,0,0,0,Matches
Stefano Sensi\Stefano-Sensi,it ITA,MF,Sassuolo,20,1995,13.4,4,0,0,23,51,1,39,23,20,0,0,0,Matches
Federico Serra\Federico-Serra,it ITA,MF,Cagliari,18,1997,0.1,0,0,0,0,1,0,0,0,0,0,0,0,Matches
Stephan El Shaarawy\Stephan-El-Shaarawy,it ITA,MFFW,Roma,23,1992,18.1,0,0,0,15,29,15,32,19,11,1,0,0,Matches
Gabriel Silva\Gabriel-Silva,br BRA,MFDF,Udinese,25,1991,2.6,2,0,0,6,4,0,6,9,1,0,1,0,Matches
Stefan Silva\Stefan-Silva,se SWE,FW,Palermo,26,1990,0.2,0,0,0,0,1,1,0,0,1,0,0,0,Matches
Matías Silvestre\Matias-Silvestre,ar ARG,DF,Sampdoria,31,1984,35.7,3,2,1,31,18,0,4,39,22,0,0,0,Matches
Giovanni Simeone\Giovanni-Simeone,ar ARG,FW,Genoa,21,1995,29,3,0,0,64,40,28,28,8,24,0,0,0,Matches
?ukasz Skorupski\Lukasz-Skorupski,pl POL,GK,Empoli,25,1991,35,2,0,0,0,6,0,0,3,0,0,2,1,Matches
Milan Škriniar\Milan-Skriniar,sk SVK,DF,Sampdoria,21,1995,33.3,4,1,0,26,16,0,1,51,32,0,2,0,Matches
Stefano Sorrentino\Stefano-Sorrentino,it ITA,GK,Chievo,37,1979,34,1,0,0,0,3,0,0,0,1,0,0,0,Matches
José Sosa\Jose-Sosa,ar ARG,MF,Milan,31,1985,13.7,7,4,2,26,25,1,59,16,27,0,0,0,Matches
Leonardo Spinazzola\Leonardo-Spinazzola,it ITA,MFFW,Atalanta,23,1993,27.7,2,0,0,22,19,1,107,33,27,0,0,1,Matches
Nicolás Spolli\Nicolas-Spolli,ar ARG,DF,Chievo,33,1983,17.7,8,0,0,30,23,0,0,38,16,0,0,0,Matches
Marco Sportiello\Marco-Sportiello,it ITA,GK,Atalanta,24,1992,8,1,0,0,0,2,0,0,0,0,0,0,0,Matches
Marco Sportiello\Marco-Sportiello,it ITA,GK,Fiorentina,24,1992,2,0,0,0,0,0,0,0,0,0,0,0,0,Matches
Guglielmo Stendardo\Guglielmo-Stendardo,it ITA,DF,Atalanta,35,1981,0.5,0,0,0,2,2,0,0,0,1,0,0,0,Matches
Guglielmo Stendardo\Guglielmo-Stendardo,it ITA,DF,Pescara,35,1981,7.2,1,0,0,5,5,0,0,15,8,0,0,0,Matches
Adrian Stoian\Adrian-Stoian,ro ROU,MFFW,Crotone,25,1991,17.4,3,0,0,18,27,1,110,29,16,1,1,0,Matches
Marco Storari\Marco-Storari,it ITA,GK,Cagliari,39,1977,14,1,1,0,0,3,0,0,1,2,0,0,0,Matches
Thomas Strakosha\Thomas-Strakosha,al ALB,GK,Lazio,21,1995,20.5,1,0,0,0,2,0,0,0,0,0,1,0,Matches
Ivan Strini?\Ivan-Strinic,hr CRO,DF,Napoli,29,1987,11.5,3,0,0,13,15,0,60,22,19,0,1,0,Matches
Kevin Strootman\Kevin-Strootman,nl NED,MF,Roma,26,1990,31,6,0,0,61,29,1,32,56,70,1,0,0,Matches
Stefano Sturaro\Stefano-Sturaro,it ITA,MF,Juventus,23,1993,11.5,5,0,0,26,27,4,13,9,27,1,0,0,Matches
?azim Sulji?\Cazim-Suljic,ba BIH,FW,Crotone,19,1996,0.1,0,0,0,0,1,0,0,0,0,0,0,0,Matches
Toni Šunji?\Toni-Sunjic,ba BIH,DF,Palermo,27,1988,2.7,1,0,0,3,1,0,0,10,7,0,0,0,Matches
Suso\Suso,es ESP,FW,Milan,22,1993,31.2,5,0,0,38,68,7,216,8,31,0,0,0,Matches
Wojciech Szcz?sny\Wojciech-Szczesny,pl POL,GK,Roma,26,1990,38,0,0,0,0,5,0,0,1,1,0,1,0,Matches
Adel Taarabt\Adel-Taarabt,ma MAR,FW,Genoa,27,1989,2.4,0,0,0,4,3,0,1,1,2,0,0,0,Matches
Panagiotis Tachtsidis\Panagiotis-Tachtsidis,gr GRE,MF,Cagliari,25,1991,23.8,5,0,0,42,26,0,43,62,74,0,1,0,Matches
Saphir Taïder\Saphir-Taider,dz ALG,MF,Bologna,24,1992,21.1,1,0,0,22,32,3,25,12,40,0,0,0,Matches
Ciprian T?t?ru?anu\Ciprian-Tatarusanu,ro ROU,GK,Fiorentina,30,1986,34.4,0,0,0,0,5,0,0,0,1,0,0,0,Matches
Andrés Tello\Andres-Tello,co COL,MF,Empoli,19,1996,9.2,6,0,0,23,10,1,7,9,28,0,0,0,Matches
Cristian Tello\Cristian-Tello,es ESP,MF,Fiorentina,24,1991,23,1,0,0,16,10,5,103,16,26,0,0,0,Matches
Emanuele Terranova\Emanuele-Terranova,it ITA,DF,Sassuolo,29,1987,2.2,0,0,0,2,4,0,0,4,2,0,0,0,Matches
Cyril Théréau\Cyril-Thereau,fr FRA,FW,Udinese,33,1983,27.6,3,0,0,27,50,5,26,11,14,0,0,0,Matches
Rafael Tolói\Rafael-Toloi,it ITA,DF,Atalanta,25,1990,30.2,7,0,0,49,15,2,16,108,69,0,1,0,Matches
Nenad Tomovi?\Nenad-Tomovic,rs SRB,DF,Fiorentina,28,1987,20.2,12,0,0,43,22,1,26,30,24,0,1,0,Matches
Lorenzo Tonelli\Lorenzo-Tonelli,it ITA,DF,Napoli,26,1990,3,2,0,0,6,6,0,0,1,5,0,0,0,Matches
Aleksandar Tonev\Aleksandar-Tonev,bg BUL,FWMF,Crotone,26,1990,8.3,2,0,0,6,5,4,26,5,6,0,0,0,Matches
Vasilis Torosidis\Vasilis-Torosidis,gr GRE,DF,Bologna,31,1985,21.5,5,1,0,19,23,2,37,37,25,0,0,0,Matches
Lucas Torreira\Lucas-Torreira,uy URU,MF,Sampdoria,20,1996,33.8,7,0,0,56,92,1,106,86,73,1,1,0,Matches
Francesco Totti\Francesco-Totti,it ITA,MF,Roma,39,1976,4.2,1,0,0,4,7,0,39,6,3,0,0,0,Matches
Mamadou Tounkara\Mamadou-Tounkara,sn SEN,FW,Lazio,20,1996,0.1,0,0,0,0,0,0,0,0,0,0,0,0,Matches
Aleksandar Trajkovski\Aleksandar-Trajkovski,mk MKD,FW,Palermo,23,1992,4.9,1,0,0,3,9,2,28,2,8,0,0,0,Matches
Marcello Trotta\Marcello-Trotta,it ITA,FW,Crotone,23,1992,20.8,2,0,0,17,25,18,6,11,25,0,0,0,Matches
Mirko Valdifiori\Mirko-Valdifiori,it ITA,MF,Napoli,30,1986,1,0,0,0,1,0,0,0,1,2,0,0,0,Matches
Mirko Valdifiori\Mirko-Valdifiori,it ITA,MF,Torino,30,1986,19.7,5,0,0,28,20,0,32,35,37,0,0,0,Matches
Borja Valero\Borja-Valero,es ESP,MFFW,Fiorentina,31,1985,29.8,5,0,0,16,59,4,98,23,27,0,1,0,Matches
Leonel Vangioni\Leonel-Vangioni,ar ARG,DF,Milan,29,1987,10.5,4,0,0,13,22,1,25,14,15,0,0,0,Matches
Ivan Vargi?\Ivan-Vargic,hr CRO,GK,Lazio,29,1987,1,0,0,0,0,0,0,0,0,0,0,0,0,Matches
Matías Vecino\Matias-Vecino,uy URU,MF,Fiorentina,24,1991,26.2,7,0,0,57,22,1,19,30,45,0,0,0,Matches
Miguel Veloso\Miguel-Veloso,pt POR,MF,Genoa,30,1986,19.8,8,2,1,29,15,2,106,39,27,0,0,0,Matches
Simone Verdi\Simone-Verdi,it ITA,FW,Bologna,24,1992,23.5,4,0,0,35,48,8,119,16,29,0,0,0,Matches
Thomas Vermaelen\Thomas-Vermaelen,be BEL,DF,Roma,30,1985,4.4,1,0,0,6,2,1,0,7,6,0,0,0,Matches
Valerio Verre\Valerio-Verre,it ITA,MF,Pescara,22,1994,21.2,2,1,0,30,37,8,27,28,23,0,0,0,Matches
Freddie Veseli\Freddie-Veseli,al ALB,DF,Empoli,23,1992,13.1,3,0,0,14,1,0,10,20,12,0,1,0,Matches
Emanuel Vignato\Emanuel-Vignato,it ITA,MF,Chievo,15,2000,0.4,0,0,0,0,0,0,1,1,0,0,0,0,Matches
Roberto Vitiello\Roberto-Vitiello,it ITA,DF,Palermo,33,1983,4.1,1,0,0,4,2,0,0,10,6,0,0,0,Matches
Davide Vitturini\Davide-Vitturini,it ITA,DF,Pescara,19,1997,1.6,0,0,0,4,1,0,0,2,0,0,0,0,Matches
Giuseppe Vives\Giuseppe-Vives,it ITA,MF,Torino,36,1980,2.5,0,1,0,4,4,0,1,4,9,0,0,0,Matches
Federico Viviani\Federico-Viviani,it ITA,MF,Bologna,24,1992,12.4,4,1,0,15,19,0,57,34,23,0,0,0,Matches
Emiliano Viviano\Emiliano-Viviano,it ITA,GK,Sampdoria,30,1985,17,5,0,0,0,4,0,1,0,2,0,0,0,Matches
Stefan de Vrij\Stefan-de-Vrij,nl NED,DF,Lazio,24,1992,25.2,3,0,0,22,10,0,1,60,40,0,0,0,Matches
Molla Wagué\Molla-Wague,ml MLI,DF,Udinese,25,1991,6,2,0,0,6,3,0,8,13,13,0,0,0,Matches
Wallace\Wallace,br BRA,DF,Lazio,21,1994,19.4,3,0,0,34,10,1,0,38,18,1,2,1,Matches
Silvan Widmer\Silvan-Widmer,ch SUI,DF,Udinese,23,1993,27.7,2,0,0,20,31,1,82,39,56,1,0,0,Matches
Miha Zajc\Miha-Zajc,si SVN,MF,Empoli,22,1994,1.2,0,0,0,1,0,0,6,0,2,0,0,0,Matches
Marco Zambelli\Marco-Zambelli,it ITA,DF,Empoli,30,1985,4.4,1,0,0,8,5,0,15,15,4,0,0,0,Matches
Francesco Zampano\Francesco-Zampano,it ITA,DFMF,Pescara,22,1993,32.5,2,0,0,39,34,5,89,52,59,1,0,0,Matches
Cristián Zapata\Cristian-Zapata,co COL,DF,Milan,29,1986,13,0,0,0,10,7,0,3,20,15,0,0,0,Matches
Duván Zapata\Duvan-Zapata,co COL,FW,Udinese,25,1991,34.9,3,0,0,56,76,17,48,12,8,2,0,0,Matches
Davide Zappacosta\Davide-Zappacosta,it ITA,DF,Torino,24,1992,26,1,0,0,28,15,5,166,39,35,0,0,0,Matches
Mauro Zárate\Mauro-Zarate,ar ARG,FW,Fiorentina,29,1987,2.3,1,0,0,7,4,0,9,1,2,0,0,0,Matches
Piotr Zieli?ski\Piotr-Zielinski,pl POL,MF,Napoli,22,1994,20.8,4,0,0,19,21,0,12,20,32,0,0,0,Matches
Ervin Zukanovi?\Ervin-Zukanovic,ba BIH,DF,Atalanta,29,1987,15.4,1,0,0,22,12,2,3,50,21,0,0,0,Matches
Dario Župari?\Dario-Zuparic,ba BIH,DF,Pescara,24,1992,3.8,1,0,0,4,5,0,0,7,2,0,0,0,Matches
Filip ?or?evi?\Filip-Djordjevic,rs SRB,FW,Lazio,28,1987,5.2,0,0,0,18,6,6,2,2,8,0,0,0,Matches
Filip ?uri?i?\Filip-Djuricic,rs SRB,MF,Sampdoria,24,1992,5.7,4,0,0,11,9,0,6,4,12,0,0,0,Matches
Giorgio Spizzichino\Giorgio-Spizzichino,,,Lazio,,,0.1,0,0,,0,,,,,,,,,Matches
Giuseppe Borello\Giuseppe-Borello,,,Crotone,,,0,0,0,,0,,,,,,,,,Matches
