Player,Nation,Pos,Squad,Age,Born,MP,Starts,Min,90s,Gls,Ast,G-PK,PK,PKatt,CrdY,CrdR,Gls,Ast,G+A,G-PK,G+A-PK,xG,npxG,xA,npxG+xA,xG,xA,xG+xA,npxG,npxG+xA,Matches
Patrick van Aanholt\Patrick-van-Aanholt,nl NED,DF,Crystal Palace,26,1990,28,25,2184,24.3,5,1,5,0,0,7,0,0.21,0.04,0.25,0.21,0.25,3.1,3.1,1.5,4.5,0.13,0.06,0.19,0.13,0.19,Matches
Rolando Aarons\Rolando-Aarons,eng ENG,FWMF,Newcastle Utd,21,1995,4,1,139,1.5,0,0,0,0,0,0,0,0,0,0,0,0,0.2,0.2,0,0.2,0.11,0,0.11,0.11,0.11,Matches
Tammy Abraham\Tammy-Abraham,eng ENG,FWMF,Swansea City,19,1997,31,15,1726,19.2,5,1,5,0,0,0,0,0.26,0.05,0.31,0.26,0.31,6.3,6.3,0.7,7,0.33,0.04,0.36,0.33,0.36,Matches
Charlie Adam\Charlie-Adam,sco SCO,MF,Stoke City,31,1985,11,5,411,4.6,0,0,0,0,1,2,1,0,0,0,0,0,1.4,0.7,1.3,1.9,0.31,0.28,0.59,0.15,0.42,Matches
Adrián\Adrian,es ESP,GK,West Ham,30,1987,19,19,1710,19,0,0,0,0,0,2,0,0,0,0,0,0,0,0,0,0,0,0,0,0,0,Matches
Ibrahim Afellay\Ibrahim-Afellay,nl NED,MF,Stoke City,31,1986,6,1,166,1.8,0,0,0,0,0,1,0,0,0,0,0,0,0,0,0,0,0,0,0,0,0,Matches
Benik Afobe\Benik-Afobe,cd COD,FWMF,Bournemouth,24,1993,17,5,611,6.8,0,0,0,0,0,0,0,0,0,0,0,0,1.4,1.4,0.1,1.5,0.23,0.01,0.24,0.23,0.24,Matches
Sergio Agüero\Sergio-Aguero,ar ARG,FW,Manchester City,29,1988,25,22,1963,21.8,21,6,17,4,4,2,0,0.96,0.28,1.24,0.78,1.05,16.6,13.6,5.9,19.5,0.76,0.27,1.03,0.62,0.89,Matches
Nathan Aké\Nathan-Ake,nl NED,DF,Bournemouth,22,1995,38,37,3353,37.3,2,3,2,0,0,5,0,0.05,0.08,0.13,0.05,0.13,2.5,2.5,1.8,4.3,0.07,0.05,0.11,0.07,0.11,Matches
Marc Albrighton\Marc-Albrighton,eng ENG,MFFW,Leicester City,27,1989,34,30,2538,28.2,2,7,2,0,0,5,1,0.07,0.25,0.32,0.07,0.32,1.4,1.4,4.8,6.2,0.05,0.17,0.22,0.05,0.22,Matches
Toby Alderweireld\Toby-Alderweireld,be BEL,DF,Tottenham,28,1989,14,13,1178,13.1,0,0,0,0,0,3,0,0,0,0,0,0,0.6,0.6,0.3,0.9,0.05,0.02,0.07,0.05,0.07,Matches
Trent Alexander-Arnold\Trent-Alexander-Arnold,eng ENG,DF,Liverpool,18,1998,19,18,1573,17.5,1,1,1,0,0,3,0,0.06,0.06,0.11,0.06,0.11,1,1,2.1,3.1,0.06,0.12,0.18,0.06,0.18,Matches
Joe Allen\Joe-Allen,wal WAL,MF,Stoke City,27,1990,36,36,3139,34.9,2,6,2,0,0,8,0,0.06,0.17,0.23,0.06,0.23,2.4,2.4,2.6,5,0.07,0.07,0.14,0.07,0.14,Matches
Dele Alli\Dele-Alli,eng ENG,MFFW,Tottenham,21,1996,36,34,2958,32.9,9,10,9,0,0,7,0,0.27,0.3,0.58,0.27,0.58,9.3,9.3,7.9,17.1,0.28,0.24,0.52,0.28,0.52,Matches
Marcos Alonso\Marcos-Alonso,es ESP,DFMF,Chelsea,26,1990,33,33,2855,31.7,7,2,7,0,0,6,0,0.22,0.06,0.28,0.22,0.28,4.1,4.1,2.3,6.4,0.13,0.07,0.2,0.13,0.2,Matches
Daniel Amartey\Daniel-Amartey,gh GHA,DF,Leicester City,22,1994,8,6,487,5.4,0,0,0,0,0,1,2,0,0,0,0,0,0,0,0,0,0,0,0,0,0,Matches
Ethan Ampadu\Ethan-Ampadu,wal WAL,DF,Chelsea,16,2000,1,0,11,0.1,0,0,0,0,0,0,0,0,0,0,0,0,0,0,0,0,0,0,0,0,0,Matches
Nordin Amrabat\Nordin-Amrabat,ma MAR,FW,Watford,30,1987,3,3,198,2.2,0,0,0,0,0,0,0,0,0,0,0,0,0,0,0.1,0.2,0.02,0.06,0.08,0.02,0.08,Matches
Michail Antonio\Michail-Antonio,eng ENG,FWMF,West Ham,27,1990,21,16,1354,15,3,1,3,0,0,1,0,0.2,0.07,0.27,0.2,0.27,2.4,2.4,0.6,2.9,0.16,0.04,0.2,0.16,0.2,Matches
Scott Arfield\Scott-Arfield,ca CAN,FWMF,Burnley,28,1988,18,15,1333,14.8,2,1,2,0,0,3,0,0.14,0.07,0.2,0.14,0.2,1.2,1.2,0.5,1.6,0.08,0.03,0.11,0.08,0.11,Matches
Marko Arnautovi?\Marko-Arnautovic,at AUT,FWMF,West Ham,28,1989,31,28,2313,25.7,11,6,11,0,0,5,1,0.43,0.23,0.66,0.43,0.66,9.9,9.9,4.4,14.3,0.39,0.17,0.56,0.39,0.56,Matches
Harry Arter\Harry-Arter,ie IRL,MF,Bournemouth,27,1989,13,11,960,10.7,1,0,1,0,0,4,0,0.09,0,0.09,0.09,0.09,0.5,0.5,0.2,0.7,0.05,0.02,0.07,0.05,0.07,Matches
Christian Atsu\Christian-Atsu,gh GHA,MFFW,Newcastle Utd,25,1992,28,19,1784,19.8,2,2,2,0,0,1,0,0.1,0.1,0.2,0.1,0.2,3.3,3.3,2.7,6,0.17,0.14,0.3,0.17,0.3,Matches
Pierre-Emerick Aubameyang\Pierre-Emerick-Aubameyang,ga GAB,FW,Arsenal,28,1989,13,12,1057,11.7,10,4,9,1,2,0,0,0.85,0.34,1.19,0.77,1.11,8.3,6.8,1.1,7.9,0.71,0.1,0.8,0.58,0.67,Matches
Serge Aurier\Serge-Aurier,ci CIV,DF,Tottenham,24,1992,17,16,1429,15.9,2,2,2,0,0,2,2,0.13,0.13,0.25,0.13,0.25,0.6,0.6,1.7,2.3,0.04,0.11,0.15,0.04,0.15,Matches
Charlie Austin\Charlie-Austin,eng ENG,FW,Southampton,28,1989,24,10,1037,11.5,7,0,6,1,1,2,0,0.61,0,0.61,0.52,0.52,7.9,7.2,0.2,7.4,0.69,0.02,0.71,0.62,0.64,Matches
André Ayew\Andre-Ayew,gh GHA,FWMF,Swansea City,27,1989,12,10,950,10.6,0,2,0,0,0,3,0,0,0.19,0.19,0,0.19,2.5,2.5,1.3,3.8,0.24,0.12,0.36,0.24,0.36,Matches
André Ayew\Andre-Ayew,gh GHA,FWMF,West Ham,27,1989,18,9,895,9.9,3,2,3,0,1,2,0,0.3,0.2,0.5,0.3,0.5,2.6,1.8,0.3,2.1,0.26,0.03,0.29,0.18,0.21,Matches
Jordan Ayew\Jordan-Ayew,gh GHA,FWMF,Swansea City,25,1991,36,33,2852,31.7,7,2,6,1,1,2,1,0.22,0.06,0.28,0.19,0.25,6.3,5.5,1.2,6.7,0.2,0.04,0.24,0.17,0.21,Matches
César Azpilicueta\Cesar-Azpilicueta,es ESP,DF,Chelsea,27,1989,37,37,3330,37,2,6,2,0,0,1,0,0.05,0.16,0.22,0.05,0.22,1.3,1.3,3.2,4.5,0.04,0.09,0.12,0.04,0.12,Matches
Eric Bailly\Eric-Bailly,ci CIV,DF,Manchester Utd,23,1994,13,11,1001,11.1,1,0,1,0,0,2,0,0.09,0,0.09,0.09,0.09,0.9,0.9,0.3,1.1,0.08,0.02,0.1,0.08,0.1,Matches
Leighton Baines\Leighton-Baines,eng ENG,DF,Everton,32,1984,22,22,1909,21.2,2,3,0,2,2,1,0,0.09,0.14,0.24,0,0.14,2,0.5,2,2.5,0.1,0.09,0.19,0.02,0.12,Matches
Tiemoué Bakayoko\Tiemoue-Bakayoko,fr FRA,MF,Chelsea,22,1994,29,24,2126,23.6,2,2,2,0,0,4,2,0.08,0.08,0.17,0.08,0.17,3.4,3.4,0.5,4,0.15,0.02,0.17,0.15,0.17,Matches
Sam Baldock\Sam-Baldock,eng ENG,FWMF,Brighton,28,1989,2,0,32,0.4,0,0,0,0,0,0,0,0,0,0,0,0,0,0,0,0,0,0,0,0,0,Matches
Beni Baningime\Beni-Baningime,cd COD,MF,Everton,18,1998,8,1,198,2.2,0,0,0,0,0,1,0,0,0,0,0,0,0,0,0,0,0,0,0,0,0,Matches
Phil Bardsley\Phil-Bardsley,sco SCO,DF,Burnley,32,1985,13,13,1125,12.5,0,0,0,0,0,5,0,0,0,0,0,0,0,0,0.8,0.8,0,0.06,0.06,0,0.06,Matches
Ross Barkley\Ross-Barkley,eng ENG,MFFW,Chelsea,23,1993,2,2,129,1.4,0,0,0,0,0,0,0,0,0,0,0,0,0.5,0.5,0.1,0.6,0.36,0.08,0.44,0.36,0.44,Matches
Ashley Barnes\Ashley-Barnes,eng ENG,FW,Burnley,27,1989,36,21,2165,24.1,9,0,9,0,0,10,0,0.37,0,0.37,0.37,0.37,6.9,6.9,1.7,8.6,0.29,0.07,0.36,0.29,0.36,Matches
Harvey Barnes\Harvey-Barnes,eng ENG,MFFW,Leicester City,19,1997,3,0,10,0.1,0,0,0,0,0,0,0,0,0,0,0,0,0.2,0.2,0,0.2,1.5,0,1.5,1.5,1.5,Matches
Gareth Barry\Gareth-Barry,eng ENG,MF,West Brom,36,1981,25,22,1923,21.4,1,1,1,0,0,4,0,0.05,0.05,0.09,0.05,0.09,1.1,1.1,1.6,2.7,0.05,0.07,0.12,0.05,0.12,Matches
Kyle Bartley\Kyle-Bartley,eng ENG,DF,Swansea City,26,1991,5,2,235,2.6,0,0,0,0,0,2,0,0,0,0,0,0,0.2,0.2,0.2,0.5,0.09,0.09,0.17,0.09,0.17,Matches
Michy Batshuayi\Michy-Batshuayi,be BEL,FW,Chelsea,23,1993,12,3,360,4,2,1,2,0,0,0,0,0.5,0.25,0.75,0.5,0.75,1.1,1.1,0.2,1.2,0.27,0.04,0.31,0.27,0.31,Matches
Moritz Bauer\Moritz-Bauer,at AUT,DFMF,Stoke City,25,1992,15,15,1306,14.5,0,0,0,0,0,4,0,0,0,0,0,0,0.3,0.3,1.2,1.5,0.02,0.09,0.11,0.02,0.11,Matches
Jan Bednarek\Jan-Bednarek,pl POL,DF,Southampton,21,1996,5,5,426,4.7,1,0,1,0,0,1,0,0.21,0,0.21,0.21,0.21,0.1,0.1,0,0.1,0.01,0,0.01,0.01,0.01,Matches
Asmir Begovi?\Asmir-Begovic,ba BIH,GK,Bournemouth,30,1987,38,38,3420,38,0,0,0,0,0,2,0,0,0,0,0,0,0,0,0,0,0,0,0,0,0,Matches
Héctor Bellerín\Hector-Bellerin,es ESP,DFMF,Arsenal,22,1995,35,34,3051,33.9,2,3,2,0,0,5,0,0.06,0.09,0.15,0.06,0.15,2.2,2.2,3.6,5.8,0.06,0.11,0.17,0.06,0.17,Matches
Yohan Benalouane\Yohan-Benalouane,tn TUN,DF,Leicester City,30,1987,1,1,90,1,0,0,0,0,0,0,0,0,0,0,0,0,0.1,0.1,0,0.1,0.1,0,0.1,0.1,0.1,Matches
Christian Benteke\Christian-Benteke,be BEL,FW,Crystal Palace,26,1990,31,24,2240,24.9,3,5,2,1,2,6,0,0.12,0.2,0.32,0.08,0.28,9.2,7.7,3.2,10.9,0.37,0.13,0.5,0.31,0.44,Matches
Saido Berahino\Saido-Berahino,bi BDI,FW,Stoke City,23,1993,15,3,494,5.5,0,1,0,0,1,0,0,0,0.18,0.18,0,0.18,2.1,1.3,0.7,2,0.38,0.12,0.5,0.24,0.36,Matches
Jóhann Berg Guðmundsson\Johann-Berg-Gudmundsson,is ISL,MFFW,Burnley,26,1990,35,32,2833,31.5,2,8,2,0,0,2,0,0.06,0.25,0.32,0.06,0.32,3.6,3.6,5,8.6,0.11,0.16,0.27,0.11,0.27,Matches
Ryan Bertrand\Ryan-Bertrand,eng ENG,DF,Southampton,27,1989,35,35,3135,34.8,0,4,0,0,0,2,0,0,0.11,0.11,0,0.11,1.8,1.8,2.7,4.5,0.05,0.08,0.13,0.05,0.13,Matches
Muhamed Beši?\Muhamed-Besic,ba BIH,MF,Everton,24,1992,2,0,46,0.5,0,0,0,0,0,0,0,0,0,0,0,0,0,0,0,0,0,0.08,0.08,0,0.08,Matches
Philip Billing\Philip-Billing,dk DEN,MF,Huddersfield,21,1996,16,8,764,8.5,0,0,0,0,0,3,0,0,0,0,0,0,0.1,0.1,0.4,0.5,0.02,0.04,0.06,0.02,0.06,Matches
Mame Biram Diouf\Mame-Biram-Diouf,sn SEN,FWMF,Stoke City,29,1987,35,30,2596,28.8,6,2,6,0,0,6,0,0.21,0.07,0.28,0.21,0.28,7.3,7.3,0.9,8.2,0.25,0.03,0.28,0.25,0.28,Matches
Daley Blind\Daley-Blind,nl NED,DFMF,Manchester Utd,27,1990,7,4,362,4,0,0,0,0,0,0,0,0,0,0,0,0,0.1,0.1,0.6,0.7,0.03,0.15,0.17,0.03,0.17,Matches
Jeremie Boga\Jeremie-Boga,ci CIV,MF,Chelsea,20,1997,1,1,17,0.2,0,0,0,0,0,0,0,0,0,0,0,0,0,0,0,0,0,0,0,0,0,Matches
Yannick Bolasie\Yannick-Bolasie,cd COD,FWMF,Everton,28,1989,16,11,851,9.5,1,0,1,0,0,0,0,0.11,0,0.11,0.11,0.11,1.4,1.4,0.4,1.8,0.15,0.04,0.19,0.15,0.19,Matches
Gaëtan Bong\Gaetan-Bong,cm CMR,DF,Brighton,29,1988,25,25,2236,24.8,0,0,0,0,0,2,0,0,0,0,0,0,0.3,0.3,0.7,1,0.01,0.03,0.04,0.01,0.04,Matches
Wilfried Bony\Wilfried-Bony,ci CIV,FW,Swansea City,28,1988,15,8,707,7.9,2,0,2,0,0,2,0,0.25,0,0.25,0.25,0.25,1.5,1.5,0.2,1.7,0.19,0.02,0.21,0.19,0.21,Matches
Sofiane Boufal\Sofiane-Boufal,ma MAR,FWMF,Southampton,23,1993,26,11,1219,13.5,2,2,2,0,0,1,0,0.15,0.15,0.3,0.15,0.3,1.8,1.8,1.4,3.2,0.13,0.11,0.24,0.13,0.24,Matches
Robbie Brady\Robbie-Brady,ie IRL,MFFW,Burnley,25,1992,15,15,1277,14.2,1,2,1,0,0,3,0,0.07,0.14,0.21,0.07,0.21,1.3,1.3,2.1,3.4,0.09,0.15,0.24,0.09,0.24,Matches
Claudio Bravo\Claudio-Bravo,cl CHI,GK,Manchester City,34,1983,3,2,226,2.5,0,0,0,0,0,0,0,0,0,0,0,0,0,0,0,0,0,0,0,0,0,Matches
Miguel Britos\Miguel-Britos,uy URU,DF,Watford,32,1985,12,10,797,8.9,1,0,1,0,0,3,1,0.11,0,0.11,0.11,0.11,0.9,0.9,0.6,1.5,0.1,0.07,0.17,0.1,0.17,Matches
Leon Britton\Leon-Britton,eng ENG,MF,Swansea City,34,1982,5,4,302,3.4,0,0,0,0,0,1,0,0,0,0,0,0,0,0,0,0,0,0,0,0,0,Matches
Izzy Brown\Izzy-Brown,eng ENG,MFFW,Brighton,20,1997,13,4,311,3.5,0,0,0,0,0,0,0,0,0,0,0,0,0.2,0.2,0.7,0.9,0.06,0.21,0.26,0.06,0.26,Matches
Bruno\Bruno,es ESP,DF,Brighton,36,1980,25,23,2016,22.4,0,0,0,0,0,3,0,0,0,0,0,0,0.1,0.1,1.1,1.2,0,0.05,0.05,0,0.05,Matches
Chris Brunt\Chris-Brunt,nir NIR,MFDF,West Brom,32,1984,26,22,1920,21.3,0,7,0,0,0,5,0,0,0.33,0.33,0,0.33,1.6,1.6,3.9,5.6,0.08,0.18,0.26,0.08,0.26,Matches
Oliver Burke\Oliver-Burke,sco SCO,FWMF,West Brom,20,1997,15,2,367,4.1,0,2,0,0,0,0,0,0,0.49,0.49,0,0.49,0.4,0.4,0.4,0.8,0.1,0.09,0.19,0.1,0.19,Matches
Jack Butland\Jack-Butland,eng ENG,GK,Stoke City,24,1993,35,35,3150,35,0,0,0,0,0,0,0,0,0,0,0,0,0,0,0,0,0,0,0,0,0,Matches
Sam Byram\Sam-Byram,eng ENG,DF,West Ham,23,1993,5,2,248,2.8,0,0,0,0,0,1,0,0,0,0,0,0,0.5,0.5,0.2,0.7,0.17,0.08,0.25,0.17,0.25,Matches
Willy Caballero\Willy-Caballero,ar ARG,GK,Chelsea,35,1981,3,3,270,3,0,0,0,0,0,0,0,0,0,0,0,0,0,0,0,0,0,0,0,0,0,Matches
Yohan Cabaye\Yohan-Cabaye,fr FRA,MF,Crystal Palace,31,1986,31,28,2376,26.4,0,1,0,0,0,7,0,0,0.04,0.04,0,0.04,2.3,2.3,3.5,5.8,0.09,0.13,0.22,0.09,0.22,Matches
Gary Cahill\Gary-Cahill,eng ENG,DF,Chelsea,31,1985,27,24,2086,23.2,0,0,0,0,0,1,1,0,0,0,0,0,0.3,0.3,0.1,0.4,0.01,0,0.02,0.01,0.02,Matches
Dominic Calvert-Lewin\Dominic-Calvert-Lewin,eng ENG,FWMF,Everton,20,1997,32,18,1882,20.9,4,6,4,0,0,4,0,0.19,0.29,0.48,0.19,0.48,4.6,4.5,1.7,6.2,0.22,0.08,0.3,0.21,0.3,Matches
Geoff Cameron\Geoff-Cameron,us USA,DFMF,Stoke City,32,1985,20,17,1525,16.9,0,0,0,0,0,2,0,0,0,0,0,0,0.4,0.4,0.2,0.5,0.02,0.01,0.03,0.02,0.03,Matches
Tyrese Campbell\Tyrese-Campbell,eng ENG,FWMF,Stoke City,17,1999,4,0,79,0.9,0,0,0,0,0,0,0,0,0,0,0,0,0.1,0.1,0,0.1,0.16,0,0.16,0.16,0.16,Matches
Emre Can\Emre-Can,de GER,MF,Liverpool,23,1994,26,24,2091,23.2,3,4,3,0,0,8,0,0.13,0.17,0.3,0.13,0.3,1.7,1.7,2.7,4.4,0.07,0.12,0.19,0.07,0.19,Matches
Étienne Capoue\Etienne-Capoue,fr FRA,MF,Watford,29,1988,23,18,1542,17.1,1,0,1,0,0,3,0,0.06,0,0.06,0.06,0.06,1.1,1.1,0.7,1.9,0.07,0.04,0.11,0.07,0.11,Matches
Michael Carrick\Michael-Carrick,eng ENG,MF,Manchester Utd,36,1981,2,1,109,1.2,0,0,0,0,0,0,0,0,0,0,0,0,0.2,0.2,0.1,0.2,0.14,0.06,0.2,0.14,0.2,Matches
André Carrillo\Andre-Carrillo,pe PER,FWMF,Watford,26,1991,28,16,1540,17.1,1,2,1,0,0,2,0,0.06,0.12,0.18,0.06,0.18,2.1,2.1,2.9,5,0.12,0.17,0.29,0.12,0.29,Matches
Guido Carrillo\Guido-Carrillo,ar ARG,FW,Southampton,26,1991,7,5,450,5,0,1,0,0,0,0,0,0,0.2,0.2,0,0.2,0.5,0.5,0.8,1.3,0.11,0.16,0.27,0.11,0.27,Matches
Andy Carroll\Andy-Carroll,eng ENG,FWMF,West Ham,28,1989,16,7,751,8.3,3,0,3,0,0,6,2,0.36,0,0.36,0.36,0.36,1.2,1.2,0.2,1.5,0.15,0.03,0.17,0.15,0.17,Matches
Tom Carroll\Tom-Carroll,eng ENG,MF,Swansea City,25,1992,37,28,2570,28.6,0,4,0,0,0,3,0,0,0.14,0.14,0,0.14,1,1,3.9,4.9,0.04,0.14,0.17,0.04,0.17,Matches
Craig Cathcart\Craig-Cathcart,nir NIR,DF,Watford,28,1989,7,5,523,5.8,0,0,0,0,0,1,0,0,0,0,0,0,0.2,0.2,0,0.2,0.04,0,0.04,0.04,0.04,Matches
Petr ?ech\Petr-Cech,cz CZE,GK,Arsenal,35,1982,34,34,3039,33.8,0,0,0,0,0,1,0,0,0,0,0,0,0,0,0,0,0,0,0,0,0,Matches
Nacer Chadli\Nacer-Chadli,be BEL,FWMF,West Brom,27,1989,5,2,260,2.9,1,0,1,0,0,1,0,0.35,0,0.35,0.35,0.35,0.2,0.2,0.1,0.3,0.1,0.04,0.14,0.1,0.14,Matches
Nathaniel Chalobah\Nathaniel-Chalobah,eng ENG,MF,Watford,22,1994,6,5,447,5,0,0,0,0,0,1,0,0,0,0,0,0,1,1,0,1,0.2,0.01,0.21,0.2,0.21,Matches
Calum Chambers\Calum-Chambers,eng ENG,DF,Arsenal,22,1995,12,10,866,9.6,0,0,0,0,0,1,0,0,0,0,0,0,1.2,1.2,0.1,1.2,0.12,0.01,0.13,0.12,0.13,Matches
Ben Chilwell\Ben-Chilwell,eng ENG,DF,Leicester City,20,1996,24,20,1853,20.6,0,2,0,0,0,2,2,0,0.1,0.1,0,0.1,0.1,0.1,2.2,2.3,0.01,0.11,0.11,0.01,0.11,Matches
Hamza Choudhury\Hamza-Choudhury,eng ENG,MF,Leicester City,19,1997,8,4,378,4.2,0,1,0,0,0,1,0,0,0.24,0.24,0,0.24,0,0,0.1,0.2,0.01,0.03,0.04,0.01,0.04,Matches
Andreas Christensen\Andreas-Christensen,dk DEN,DF,Chelsea,21,1996,27,23,2086,23.2,0,0,0,0,0,0,0,0,0,0,0,0,1.1,1.1,0.2,1.3,0.05,0.01,0.06,0.05,0.06,Matches
Lee Chung-yong\Lee-Chung-yong,kr KOR,FW,Crystal Palace,29,1988,7,1,135,1.5,0,0,0,0,0,0,0,0,0,0,0,0,0,0,0.1,0.1,0.02,0.07,0.08,0.02,0.08,Matches
Ciaran Clark\Ciaran-Clark,ie IRL,DF,Newcastle Utd,27,1989,20,19,1746,19.4,2,1,2,0,0,3,0,0.1,0.05,0.15,0.1,0.15,2,2,0.4,2.4,0.11,0.02,0.13,0.11,0.13,Matches
Tom Cleverley\Tom-Cleverley,eng ENG,MF,Watford,27,1989,23,22,1902,21.1,1,2,1,0,1,2,2,0.05,0.09,0.14,0.05,0.14,1.8,1,1.2,2.2,0.08,0.06,0.14,0.05,0.11,Matches
Sam Clucas\Sam-Clucas,eng ENG,MFFW,Swansea City,26,1990,29,23,2044,22.7,3,1,3,0,0,2,0,0.13,0.04,0.18,0.13,0.18,1.8,1.8,1.2,3,0.08,0.05,0.13,0.08,0.13,Matches
Nathaniel Clyne\Nathaniel-Clyne,eng ENG,DFMF,Liverpool,26,1991,3,2,174,1.9,0,0,0,0,0,1,0,0,0,0,0,0,0,0,0.3,0.3,0,0.14,0.14,0,0.14,Matches
Séamus Coleman\Seamus-Coleman,ie IRL,DF,Everton,28,1988,12,12,1035,11.5,0,1,0,0,0,0,0,0,0.09,0.09,0,0.09,0.8,0.8,0.4,1.3,0.07,0.04,0.11,0.07,0.11,Matches
James Collins\James-Collins,wal WAL,DF,West Ham,33,1983,13,12,1050,11.7,1,0,1,0,0,3,0,0.09,0,0.09,0.09,0.09,0.3,0.3,0.4,0.7,0.02,0.03,0.06,0.02,0.06,Matches
Lewis Cook\Lewis-Cook,eng ENG,MF,Bournemouth,20,1997,29,25,2237,24.9,0,2,0,0,0,5,0,0,0.08,0.08,0,0.08,0.5,0.5,1.5,2,0.02,0.06,0.08,0.02,0.08,Matches
Steve Cook\Steve-Cook,eng ENG,DF,Bournemouth,26,1991,34,31,2767,30.7,2,1,2,0,0,5,0,0.07,0.03,0.1,0.07,0.1,2.2,2.2,0.5,2.6,0.07,0.01,0.09,0.07,0.09,Matches
Francis Coquelin\Francis-Coquelin,fr FRA,MFDF,Arsenal,26,1991,7,1,169,1.9,0,0,0,0,0,0,0,0,0,0,0,0,0,0,0.2,0.3,0.02,0.14,0.16,0.02,0.16,Matches
Jack Cork\Jack-Cork,eng ENG,MF,Burnley,28,1989,38,38,3420,38,2,1,2,0,0,7,0,0.05,0.03,0.08,0.05,0.08,2.3,2.3,0.9,3.2,0.06,0.02,0.08,0.06,0.08,Matches
Thibaut Courtois\Thibaut-Courtois,be BEL,GK,Chelsea,25,1992,35,35,3150,35,0,0,0,0,0,2,0,0,0,0,0,0,0,0,0,0,0,0,0,0,0,Matches
Philippe Coutinho\Philippe-Coutinho,br BRA,MFFW,Liverpool,25,1992,14,13,1109,12.3,7,6,7,0,0,0,0,0.57,0.49,1.06,0.57,1.06,2.6,2.6,4.3,6.9,0.21,0.35,0.56,0.21,0.56,Matches
Martin Cranie\Martin-Cranie,eng ENG,DFMF,Huddersfield,30,1986,3,2,180,2,0,0,0,0,0,0,0,0,0,0,0,0,0,0,0,0,0,0,0,0,0,Matches
Aaron Cresswell\Aaron-Cresswell,eng ENG,DF,West Ham,27,1989,36,35,3069,34.1,1,3,1,0,0,7,0,0.03,0.09,0.12,0.03,0.12,0.8,0.8,2.7,3.6,0.02,0.08,0.1,0.02,0.1,Matches
Peter Crouch\Peter-Crouch,eng ENG,FW,Stoke City,36,1981,31,14,1567,17.4,5,2,5,0,0,4,0,0.29,0.11,0.4,0.29,0.4,4.2,4.2,2.7,6.9,0.24,0.16,0.4,0.24,0.4,Matches
Josh Cullen\Josh-Cullen,ie IRL,FWMF,West Ham,21,1996,2,0,8,0.1,0,0,0,0,0,0,0,0,0,0,0,0,0,0,0,0,0,0,0,0,0,Matches
Charlie Daniels\Charlie-Daniels,eng ENG,DFMF,Bournemouth,30,1986,35,34,3002,33.4,1,3,1,0,0,0,0,0.03,0.09,0.12,0.03,0.12,0.5,0.5,2.4,2.8,0.01,0.07,0.09,0.01,0.09,Matches
Danilo\Danilo,br BRA,DF,Manchester City,26,1991,23,13,1349,15,3,2,3,0,0,2,0,0.2,0.13,0.33,0.2,0.33,0.9,0.9,0.2,1.1,0.06,0.01,0.07,0.06,0.07,Matches
Scott Dann\Scott-Dann,eng ENG,DF,Crystal Palace,30,1987,17,16,1435,15.9,1,0,1,0,0,4,0,0.06,0,0.06,0.06,0.06,2,2,0.2,2.1,0.12,0.01,0.13,0.12,0.13,Matches
Karl Darlow\Karl-Darlow,eng ENG,GK,Newcastle Utd,26,1990,10,10,900,10,0,0,0,0,0,0,0,0,0,0,0,0,0,0,0,0,0,0,0,0,0,Matches
Matteo Darmian\Matteo-Darmian,it ITA,DF,Manchester Utd,27,1989,8,5,444,4.9,0,0,0,0,0,0,0,0,0,0,0,0,0,0,0,0,0,0,0.01,0,0.01,Matches
Ben Davies\Ben-Davies,wal WAL,DF,Tottenham,24,1993,29,26,2324,25.8,2,6,2,0,0,3,0,0.08,0.23,0.31,0.08,0.31,1,1,3.2,4.2,0.04,0.12,0.16,0.04,0.16,Matches
Tom Davies\Tom-Davies,eng ENG,MF,Everton,19,1998,33,20,1900,21.1,2,1,2,0,0,7,0,0.09,0.05,0.14,0.09,0.14,1.3,1.3,0.7,2,0.06,0.03,0.09,0.06,0.09,Matches
Steven Davis\Steven-Davis,nir NIR,MF,Southampton,32,1985,23,17,1521,16.9,3,0,3,0,0,0,0,0.18,0,0.18,0.18,0.18,0.8,0.8,1.1,1.9,0.05,0.06,0.11,0.05,0.11,Matches
Craig Dawson\Craig-Dawson,eng ENG,DF,West Brom,27,1990,28,28,2510,27.9,2,0,2,0,0,6,0,0.07,0,0.07,0.07,0.07,2.2,2.2,1.2,3.4,0.08,0.04,0.12,0.08,0.12,Matches
Kevin De Bruyne\Kevin-De-Bruyne,be BEL,MF,Manchester City,26,1991,37,36,3073,34.1,8,16,8,0,0,2,0,0.23,0.47,0.7,0.23,0.7,5.7,5.7,12.4,18,0.17,0.36,0.53,0.17,0.53,Matches
Troy Deeney\Troy-Deeney,eng ENG,FW,Watford,29,1988,29,20,1844,20.5,5,2,2,3,5,1,1,0.24,0.1,0.34,0.1,0.2,7.9,4,1.8,5.8,0.39,0.09,0.47,0.19,0.28,Matches
Jermain Defoe\Jermain-Defoe,eng ENG,FW,Bournemouth,34,1982,24,11,1088,12.1,4,1,4,0,0,1,0,0.33,0.08,0.41,0.33,0.41,4.9,4.9,1.1,6,0.4,0.09,0.49,0.4,0.49,Matches
Steven Defour\Steven-Defour,be BEL,MF,Burnley,29,1988,24,24,1997,22.2,1,1,1,0,0,6,0,0.05,0.05,0.09,0.05,0.09,0.8,0.8,1.2,2.1,0.04,0.06,0.09,0.04,0.09,Matches
Damien Delaney\Damien-Delaney,ie IRL,DF,Crystal Palace,36,1981,2,1,96,1.1,0,0,0,0,0,0,0,0,0,0,0,0,0,0,0,0,0,0,0,0,0,Matches
Fabian Delph\Fabian-Delph,eng ENG,DF,Manchester City,27,1989,22,21,1741,19.3,1,2,1,0,0,2,0,0.05,0.1,0.16,0.05,0.16,0.2,0.2,1.1,1.3,0.01,0.06,0.07,0.01,0.07,Matches
Mousa Dembélé\Mousa-Dembele,be BEL,MF,Tottenham,30,1987,28,21,1879,20.9,0,0,0,0,0,6,0,0,0,0,0,0,0.4,0.4,0.9,1.3,0.02,0.04,0.06,0.02,0.06,Matches
Laurent Depoitre\Laurent-Depoitre,be BEL,FW,Huddersfield,28,1988,33,18,1820,20.2,6,1,6,0,0,1,0,0.3,0.05,0.35,0.3,0.35,3.8,3.8,0.4,4.2,0.19,0.02,0.21,0.19,0.21,Matches
Mike van der Hoorn\Mike-van-der-Hoorn,nl NED,DF,Swansea City,24,1992,24,24,1944,21.6,1,0,1,0,0,4,0,0.05,0,0.05,0.05,0.05,0.9,0.9,0.2,1.1,0.04,0.01,0.05,0.04,0.05,Matches
Gerard Deulofeu\Gerard-Deulofeu,es ESP,FWMF,Watford,23,1994,7,5,435,4.8,1,0,1,0,0,0,0,0.21,0,0.21,0.21,0.21,0.6,0.6,0.6,1.2,0.12,0.12,0.24,0.12,0.24,Matches
Fousseni Diabaté\Fousseni-Diabate,ml MLI,MFFW,Leicester City,21,1995,14,5,587,6.5,0,1,0,0,0,1,0,0,0.15,0.15,0,0.15,0.4,0.4,0.3,0.7,0.06,0.05,0.11,0.06,0.11,Matches
Mohamed Diamé\Mohamed-Diame,sn SEN,MF,Newcastle Utd,30,1987,31,23,2041,22.7,2,0,2,0,0,3,0,0.09,0,0.09,0.09,0.09,1.3,1.3,0.5,1.8,0.06,0.02,0.08,0.06,0.08,Matches
Brahim Díaz\Brahim-Diaz,es ESP,FWMF,Manchester City,17,1999,5,0,55,0.6,0,0,0,0,0,0,0,0,0,0,0,0,0.4,0.4,0,0.4,0.7,0,0.7,0.7,0.7,Matches
Eric Dier\Eric-Dier,eng ENG,MFDF,Tottenham,23,1994,34,32,2824,31.4,0,2,0,0,0,4,0,0,0.06,0.06,0,0.06,1.8,1.8,2.1,3.8,0.06,0.07,0.12,0.06,0.12,Matches
Virgil van Dijk\Virgil-van-Dijk,nl NED,DF,Liverpool,26,1991,14,14,1260,14,0,0,0,0,0,1,0,0,0,0,0,0,1.4,1.4,0.6,2,0.1,0.04,0.14,0.1,0.14,Matches
Virgil van Dijk\Virgil-van-Dijk,nl NED,DF,Southampton,26,1991,12,11,994,11,0,0,0,0,0,0,0,0,0,0,0,0,1.1,1.1,0,1.1,0.1,0,0.1,0.1,0.1,Matches
Abdoulaye Doucouré\Abdoulaye-Doucoure,fr FRA,MF,Watford,24,1993,37,37,3324,36.9,7,3,7,0,0,10,0,0.19,0.08,0.27,0.19,0.27,3.1,3.1,2.4,5.5,0.08,0.06,0.15,0.08,0.15,Matches
Aleksandar Dragovi?\Aleksandar-Dragovic,at AUT,DF,Leicester City,26,1991,11,7,769,8.5,0,0,0,0,0,2,0,0,0,0,0,0,0.1,0.1,0,0.1,0.02,0,0.02,0.02,0.02,Matches
Danny Drinkwater\Danny-Drinkwater,eng ENG,MF,Chelsea,27,1990,12,5,527,5.9,1,0,1,0,0,0,0,0.17,0,0.17,0.17,0.17,0.1,0.1,0.1,0.2,0.02,0.02,0.04,0.02,0.04,Matches
Martin Dúbravka\Martin-Dubravka,sk SVK,GK,Newcastle Utd,28,1989,12,12,1080,12,0,0,0,0,0,0,0,0,0,0,0,0,0,0,0,0,0,0,0,0,0,Matches
Shane Duffy\Shane-Duffy,ie IRL,DF,Brighton,25,1992,37,37,3292,36.6,0,1,0,0,0,8,0,0,0.03,0.03,0,0.03,1.9,1.9,1,2.8,0.05,0.03,0.08,0.05,0.08,Matches
Paul Dummett\Paul-Dummett,wal WAL,DF,Newcastle Utd,25,1991,20,19,1602,17.8,0,0,0,0,0,1,0,0,0,0,0,0,0.2,0.2,0.4,0.6,0.01,0.02,0.04,0.01,0.04,Matches
Lewis Dunk\Lewis-Dunk,eng ENG,DF,Brighton,25,1991,38,38,3420,38,1,1,1,0,0,7,0,0.03,0.03,0.05,0.03,0.05,2.4,2.4,0.3,2.8,0.06,0.01,0.07,0.06,0.07,Matches
Nathan Dyer\Nathan-Dyer,eng ENG,MFFW,Swansea City,29,1987,24,16,1307,14.5,0,0,0,0,0,2,0,0,0,0,0,0,0.8,0.8,0.7,1.5,0.05,0.05,0.1,0.05,0.1,Matches
Ederson\Ederson,br BRA,GK,Manchester City,23,1993,36,36,3194,35.5,0,0,0,0,0,1,0,0,0,0,0,0,0,0,0.1,0.1,0,0,0,0,0,Matches
Tom Edwards\Tom-Edwards,eng ENG,DF,Stoke City,18,1999,6,6,481,5.3,0,0,0,0,0,0,0,0,0,0,0,0,0,0,0.3,0.3,0,0.05,0.06,0,0.06,Matches
Rob Elliot\Rob-Elliot,ie IRL,GK,Newcastle Utd,31,1986,16,16,1440,16,0,0,0,0,0,0,0,0,0,0,0,0,0,0,0,0,0,0,0,0,0,Matches
Mohamed Elneny\Mohamed-Elneny,eg EGY,MF,Arsenal,25,1992,13,11,867,9.6,0,1,0,0,0,3,1,0,0.1,0.1,0,0.1,0.4,0.4,0.7,1.1,0.04,0.07,0.11,0.04,0.11,Matches
Christian Eriksen\Christian-Eriksen,dk DEN,MFFW,Tottenham,25,1992,37,37,3218,35.8,10,10,10,0,0,0,0,0.28,0.28,0.56,0.28,0.56,6.7,6.7,12.6,19.4,0.19,0.35,0.54,0.19,0.54,Matches
Jonny Evans\Jonny-Evans,nir NIR,DF,West Brom,29,1988,28,26,2270,25.2,2,2,2,0,0,7,0,0.08,0.08,0.16,0.08,0.16,2.3,2.3,0.3,2.6,0.09,0.01,0.1,0.09,0.1,Matches
Patrice Evra\Patrice-Evra,fr FRA,DF,West Ham,36,1981,5,3,228,2.5,0,0,0,0,0,0,0,0,0,0,0,0,0,0,0,0,0,0,0,0,0,Matches
?ukasz Fabia?ski\Lukasz-Fabianski,pl POL,GK,Swansea City,32,1985,38,38,3420,38,0,0,0,0,0,0,0,0,0,0,0,0,0,0,0,0,0,0,0,0,0,Matches
Cesc Fàbregas\Cesc-Fabregas,es ESP,MF,Chelsea,30,1987,32,25,2307,25.6,2,4,2,0,0,5,2,0.08,0.16,0.23,0.08,0.23,2.4,2.4,6.8,9.2,0.09,0.27,0.36,0.09,0.36,Matches
Marouane Fellaini\Marouane-Fellaini,be BEL,MF,Manchester Utd,29,1987,16,5,683,7.6,4,0,4,0,0,1,0,0.53,0,0.53,0.53,0.53,2.9,2.9,0.1,3,0.41,0.02,0.43,0.41,0.43,Matches
Kiko Femenía\Kiko-Femenia,es ESP,DFMF,Watford,26,1991,23,19,1713,19,1,1,1,0,0,2,0,0.05,0.05,0.11,0.05,0.11,0.3,0.3,2,2.4,0.02,0.11,0.12,0.02,0.12,Matches
Leroy Fer\Leroy-Fer,nl NED,MF,Swansea City,27,1990,20,15,1397,15.5,1,1,1,0,0,5,0,0.06,0.06,0.13,0.06,0.13,1.6,1.6,1.1,2.7,0.1,0.07,0.18,0.1,0.18,Matches
Edimilson Fernandes\Edimilson-Fernandes,ch SUI,MFFW,West Ham,21,1996,14,9,845,9.4,0,1,0,0,0,1,0,0,0.11,0.11,0,0.11,0.3,0.3,0.5,0.8,0.03,0.05,0.08,0.03,0.08,Matches
Federico Fernández\Federico-Fernandez,ar ARG,DF,Swansea City,28,1989,30,30,2676,29.7,1,1,1,0,0,5,0,0.03,0.03,0.07,0.03,0.07,0.7,0.7,0.7,1.3,0.02,0.02,0.05,0.02,0.05,Matches
Fernandinho\Fernandinho,br BRA,MF,Manchester City,32,1985,34,33,2881,32,5,3,5,0,0,7,0,0.16,0.09,0.25,0.16,0.25,2.8,2.8,2.2,5,0.09,0.07,0.16,0.09,0.16,Matches
Sam Field\Sam-Field,eng ENG,MF,West Brom,19,1998,10,7,537,6,1,0,1,0,0,3,0,0.17,0,0.17,0.17,0.17,0.4,0.4,0.2,0.5,0.06,0.03,0.09,0.06,0.09,Matches
Roberto Firmino\Roberto-Firmino,br BRA,FW,Liverpool,25,1991,37,32,2763,30.7,15,7,14,1,1,1,0,0.49,0.23,0.72,0.46,0.68,11,10.3,5.4,15.6,0.36,0.17,0.53,0.33,0.51,Matches
Darren Fletcher\Darren-Fletcher,sco SCO,MF,Stoke City,33,1984,27,25,2219,24.7,1,1,1,0,0,0,0,0.04,0.04,0.08,0.04,0.08,0.3,0.3,1,1.3,0.01,0.04,0.05,0.01,0.05,Matches
Phil Foden\Phil-Foden,eng ENG,MF,Manchester City,17,2000,5,0,49,0.5,0,1,0,0,0,0,0,0,1.84,1.84,0,1.84,0,0,0.3,0.3,0,0.58,0.58,0,0.58,Matches
José Fonte\Jose-Fonte,pt POR,DF,West Ham,33,1983,8,8,688,7.6,0,1,0,0,0,0,0,0,0.13,0.13,0,0.13,0.8,0.8,0.1,0.9,0.1,0.01,0.11,0.1,0.11,Matches
Fraser Forster\Fraser-Forster,eng ENG,GK,Southampton,29,1988,20,20,1800,20,0,0,0,0,0,0,0,0,0,0,0,0,0,0,0,0,0,0,0,0,0,Matches
Ben Foster\Ben-Foster,eng ENG,GK,West Brom,34,1983,37,37,3330,37,0,0,0,0,0,2,0,0,0,0,0,0,0,0,0,0,0,0,0,0,0,Matches
Timothy Fosu-Mensah\Timothy-Fosu-Mensah,nl NED,DF,Crystal Palace,19,1998,21,17,1596,17.7,0,0,0,0,0,2,0,0,0,0,0,0,0.2,0.2,0.6,0.8,0.01,0.03,0.05,0.01,0.05,Matches
Simon Francis\Simon-Francis,eng ENG,DF,Bournemouth,32,1985,32,31,2705,30.1,0,1,0,0,0,9,2,0,0.03,0.03,0,0.03,0.5,0.5,2,2.5,0.02,0.07,0.08,0.02,0.08,Matches
Ryan Fraser\Ryan-Fraser,sco SCO,MFDF,Bournemouth,23,1994,26,23,2004,22.3,5,3,5,0,0,0,0,0.22,0.13,0.36,0.22,0.36,1.9,1.9,3.4,5.3,0.09,0.15,0.24,0.09,0.24,Matches
Christian Fuchs\Christian-Fuchs,at AUT,DF,Leicester City,31,1986,25,21,1921,21.3,0,1,0,0,0,1,0,0,0.05,0.05,0,0.05,0.4,0.4,0.5,1,0.02,0.03,0.04,0.02,0.04,Matches
Jay Fulton\Jay-Fulton,sco SCO,MF,Swansea City,23,1994,2,0,19,0.2,0,0,0,0,0,1,0,0,0,0,0,0,0,0,0,0,0,0,0,0,0,Matches
Ramiro Funes Mori\Ramiro-Funes-Mori,ar ARG,DFMF,Everton,26,1991,4,1,121,1.3,0,0,0,0,0,1,0,0,0,0,0,0,0.1,0.1,0,0.1,0.05,0,0.05,0.05,0.05,Matches
Manolo Gabbiadini\Manolo-Gabbiadini,it ITA,FWMF,Southampton,25,1991,28,11,1081,12,5,0,4,1,1,2,0,0.42,0,0.42,0.33,0.33,2.4,1.6,0.8,2.4,0.2,0.07,0.26,0.13,0.2,Matches
Jesús Gámez\Jesus-Gamez,es ESP,DF,Newcastle Utd,32,1985,2,1,98,1.1,0,0,0,0,0,0,0,0,0,0,0,0,0,0,0.1,0.2,0.02,0.12,0.14,0.02,0.14,Matches
Idrissa Gana Gueye\Idrissa-Gana-Gueye,sn SEN,MF,Everton,27,1989,33,32,2751,30.6,2,1,2,0,0,7,2,0.07,0.03,0.1,0.07,0.1,1.5,1.5,1.1,2.6,0.05,0.04,0.08,0.05,0.08,Matches
Dwight Gayle\Dwight-Gayle,eng ENG,FW,Newcastle Utd,26,1990,35,23,1958,21.8,6,3,6,0,0,3,0,0.28,0.14,0.41,0.28,0.41,8.6,8.6,2.2,10.8,0.4,0.1,0.5,0.4,0.5,Matches
Paulo Gazzaniga\Paulo-Gazzaniga,ar ARG,GK,Tottenham,25,1992,1,1,90,1,0,0,0,0,0,0,0,0,0,0,0,0,0,0,0,0,0,0,0,0,0,Matches
David de Gea\David-de-Gea,es ESP,GK,Manchester Utd,26,1990,37,37,3330,37,0,0,0,0,0,0,0,0,0,0,0,0,0,0,0.1,0.1,0,0,0,0,0,Matches
Kieran Gibbs\Kieran-Gibbs,eng ENG,DF,West Brom,27,1989,33,32,2827,31.4,0,1,0,0,0,3,0,0,0.03,0.03,0,0.03,0.4,0.4,1.8,2.1,0.01,0.06,0.07,0.01,0.07,Matches
Olivier Giroud\Olivier-Giroud,fr FRA,FW,Arsenal,30,1986,16,1,388,4.3,4,1,4,0,0,0,0,0.93,0.23,1.16,0.93,1.16,3,3,0.9,3.9,0.7,0.22,0.91,0.7,0.91,Matches
Olivier Giroud\Olivier-Giroud,fr FRA,FW,Chelsea,30,1986,13,6,613,6.8,3,1,3,0,0,0,0,0.44,0.15,0.59,0.44,0.59,3.9,3.9,1.1,5,0.57,0.17,0.74,0.57,0.74,Matches
Connor Goldson\Connor-Goldson,eng ENG,DF,Brighton,24,1992,3,2,200,2.2,0,0,0,0,0,1,0,0,0,0,0,0,0.1,0.1,0,0.1,0.06,0,0.06,0.06,0.06,Matches
Heurelho Gomes\Heurelho-Gomes,br BRA,GK,Watford,36,1981,24,24,2128,23.6,0,0,0,0,0,0,0,0,0,0,0,0,0,0,0,0,0,0,0,0,0,Matches
Joe Gomez\Joe-Gomez,eng ENG,DF,Liverpool,20,1997,23,21,1902,21.1,0,2,0,0,0,3,0,0,0.09,0.09,0,0.09,0.2,0.2,1.3,1.5,0.01,0.06,0.07,0.01,0.07,Matches
Dan Gosling\Dan-Gosling,eng ENG,MF,Bournemouth,27,1990,28,21,1947,21.6,2,1,2,0,0,8,0,0.09,0.05,0.14,0.09,0.14,2.5,2.5,0.9,3.3,0.11,0.04,0.15,0.11,0.15,Matches
Lee Grant\Lee-Grant,eng ENG,GK,Stoke City,34,1983,3,3,270,3,0,0,0,0,0,0,0,0,0,0,0,0,0,0,0,0,0,0,0,0,0,Matches
Andre Gray\Andre-Gray,jm JAM,FW,Watford,26,1991,31,16,1498,16.6,5,2,5,0,0,1,0,0.3,0.12,0.42,0.3,0.42,6.3,6.3,1.6,7.9,0.38,0.1,0.47,0.38,0.47,Matches
Demarai Gray\Demarai-Gray,eng ENG,MFFW,Leicester City,21,1996,35,17,1697,18.9,3,1,3,0,0,2,0,0.16,0.05,0.21,0.16,0.21,2,2,3.2,5.2,0.11,0.17,0.27,0.11,0.27,Matches
Pascal Groß\Pascal-Gross,de GER,MFFW,Brighton,26,1991,38,35,2928,32.5,7,8,6,1,1,2,0,0.22,0.25,0.46,0.18,0.43,3.2,2.5,5.7,8.2,0.1,0.18,0.28,0.08,0.25,Matches
Marko Gruji?\Marko-Grujic,rs SRB,MF,Liverpool,21,1996,3,0,16,0.2,0,0,0,0,0,0,0,0,0,0,0,0,0,0,0,0,0,0.1,0.1,0,0.1,Matches
?lkay Gündo?an\Ilkay-Gundogan,de GER,MF,Manchester City,26,1990,30,15,1517,16.9,4,1,3,1,1,3,0,0.24,0.06,0.3,0.18,0.24,3.6,2.9,1.8,4.7,0.22,0.11,0.32,0.17,0.28,Matches
Florent Hadergjonaj\Florent-Hadergjonaj,xk KVX,DFMF,Huddersfield,23,1994,23,19,1674,18.6,0,1,0,0,0,3,0,0,0.05,0.05,0,0.05,0.4,0.4,1.7,2.2,0.02,0.09,0.12,0.02,0.12,Matches
Massadio Haïdara\Massadio-Haidara,ml MLI,FWMF,Newcastle Utd,24,1992,1,0,4,0,0,0,0,0,0,0,0,0,0,0,0,0,0,0,0,0,0,0,0,0,0,Matches
Ben Hamer\Ben-Hamer,eng ENG,GK,Leicester City,29,1987,4,3,275,3.1,0,0,0,0,0,0,0,0,0,0,0,0,0,0,0,0,0,0,0,0,0,Matches
Rekeem Harper\Rekeem-Harper,eng ENG,MF,West Brom,17,2000,1,0,21,0.2,0,0,0,0,0,0,0,0,0,0,0,0,0,0,0,0,0,0.19,0.19,0,0.19,Matches
Joe Hart\Joe-Hart,eng ENG,GK,West Ham,30,1987,19,19,1710,19,0,1,0,0,0,0,0,0,0.05,0.05,0,0.05,0,0,0.7,0.7,0,0.04,0.04,0,0.04,Matches
Isaac Hayden\Isaac-Hayden,eng ENG,MF,Newcastle Utd,22,1995,26,15,1374,15.3,1,0,1,0,0,7,0,0.07,0,0.07,0.07,0.07,0.9,0.9,1,1.8,0.06,0.06,0.12,0.06,0.12,Matches
Eden Hazard\Eden-Hazard,be BEL,FWMF,Chelsea,26,1991,34,28,2422,26.9,12,4,10,2,2,2,0,0.45,0.15,0.59,0.37,0.52,7.9,6.4,7,13.4,0.29,0.26,0.55,0.24,0.5,Matches
Tom Heaton\Tom-Heaton,eng ENG,GK,Burnley,31,1986,4,4,305,3.4,0,0,0,0,0,0,0,0,0,0,0,0,0,0,0,0,0,0,0,0,0,Matches
Michael Hefele\Michael-Hefele,de GER,DF,Huddersfield,26,1990,2,0,33,0.4,0,0,0,0,0,1,0,0,0,0,0,0,0,0,0,0,0,0,0,0,0,Matches
Ahmed Hegazi\Ahmed-Hegazi,eg EGY,DF,West Brom,26,1991,38,38,3386,37.6,2,0,2,0,0,4,0,0.05,0,0.05,0.05,0.05,1.4,1.4,0.4,1.8,0.04,0.01,0.05,0.04,0.05,Matches
Tomer Hemed\Tomer-Hemed,il ISR,FW,Brighton,30,1987,16,9,849,9.4,2,2,2,0,0,0,0,0.21,0.21,0.42,0.21,0.42,2,2,0.3,2.2,0.21,0.03,0.24,0.21,0.24,Matches
Jordan Henderson\Jordan-Henderson,eng ENG,MF,Liverpool,27,1990,27,25,2171,24.1,1,1,1,0,0,1,0,0.04,0.04,0.08,0.04,0.08,1.2,1.1,2,3.1,0.05,0.08,0.13,0.05,0.13,Matches
Jeff Hendrick\Jeff-Hendrick,ie IRL,MFFW,Burnley,25,1992,34,29,2331,25.9,2,2,2,0,0,1,0,0.08,0.08,0.15,0.08,0.15,3.1,3.1,1.5,4.6,0.12,0.06,0.18,0.12,0.18,Matches
Wayne Hennessey\Wayne-Hennessey,wal WAL,GK,Crystal Palace,30,1987,27,27,2430,27,0,0,0,0,0,1,0,0,0,0,0,0,0,0,0,0,0,0,0,0,0,Matches
Javier Hernández\Javier-Hernandez,mx MEX,FW,West Ham,29,1988,28,16,1548,17.2,8,0,8,0,0,3,0,0.47,0,0.47,0.47,0.47,5,5,1.7,6.8,0.29,0.1,0.39,0.29,0.39,Matches
Ander Herrera\Ander-Herrera,es ESP,MF,Manchester Utd,27,1989,26,13,1268,14.1,0,2,0,0,0,5,0,0,0.14,0.14,0,0.14,0.5,0.5,1.2,1.7,0.03,0.08,0.12,0.03,0.12,Matches
Son Heung-min\Son-Heung-min,kr KOR,FWMF,Tottenham,25,1992,37,27,2317,25.7,12,6,12,0,0,0,0,0.47,0.23,0.7,0.47,0.7,10.1,10.1,4.7,14.8,0.39,0.19,0.58,0.39,0.58,Matches
Wesley Hoedt\Wesley-Hoedt,nl NED,DF,Southampton,23,1994,28,28,2520,28,0,1,0,0,0,7,0,0,0.04,0.04,0,0.04,1.4,1.4,0.9,2.4,0.05,0.03,0.08,0.05,0.08,Matches
Jonathan Hogg\Jonathan-Hogg,eng ENG,MF,Huddersfield,28,1988,30,29,2398,26.6,0,0,0,0,0,9,2,0,0,0,0,0,0.6,0.6,0.5,1.1,0.02,0.02,0.04,0.02,0.04,Matches
Rob Holding\Rob-Holding,eng ENG,DF,Arsenal,21,1995,12,9,822,9.1,0,0,0,0,0,3,0,0,0,0,0,0,0.1,0.1,0,0.1,0.01,0,0.02,0.01,0.02,Matches
José Holebas\Jose-Holebas,gr GRE,DFMF,Watford,33,1984,28,26,2382,26.5,0,4,0,0,0,7,0,0,0.15,0.15,0,0.15,0.5,0.5,4,4.5,0.02,0.15,0.17,0.02,0.17,Matches
Mason Holgate\Mason-Holgate,eng ENG,DF,Everton,20,1996,15,13,1184,13.2,0,0,0,0,0,3,0,0,0,0,0,0,0.6,0.6,0.5,1.1,0.04,0.04,0.08,0.04,0.08,Matches
Callum Hudson-Odoi\Callum-Hudson-Odoi,eng ENG,FW,Chelsea,16,2000,2,0,29,0.3,0,0,0,0,0,0,0,0,0,0,0,0,0,0,0,0,0.15,0,0.15,0.15,0.15,Matches
Will Hughes\Will-Hughes,eng ENG,MFFW,Watford,22,1995,15,11,990,11,2,3,2,0,0,0,0,0.18,0.27,0.45,0.18,0.45,0.9,0.9,1.6,2.4,0.08,0.14,0.22,0.08,0.22,Matches
Jordan Hugill\Jordan-Hugill,eng ENG,FW,West Ham,25,1992,3,0,25,0.3,0,0,0,0,0,0,0,0,0,0,0,0,0,0,0,0,0,0,0,0,0,Matches
Uwe Hünemeier\Uwe-Hunemeier,de GER,DF,Brighton,31,1986,1,0,18,0.2,0,0,0,0,0,0,0,0,0,0,0,0,0,0,0,0,0,0,0,0,0,Matches
Emerson Hyndman\Emerson-Hyndman,us USA,MF,Bournemouth,21,1996,1,1,58,0.6,0,0,0,0,0,0,0,0,0,0,0,0,0,0,0,0,0,0.05,0.05,0,0.05,Matches
Pierre Højbjerg\Pierre-Hojbjerg,dk DEN,MF,Southampton,21,1995,23,19,1670,18.6,0,0,0,0,0,6,0,0,0,0,0,0,0.7,0.7,0.7,1.4,0.04,0.04,0.07,0.04,0.07,Matches
Jordon Ibe\Jordon-Ibe,eng ENG,MFFW,Bournemouth,21,1995,32,22,1995,22.2,2,6,2,0,0,1,0,0.09,0.27,0.36,0.09,0.36,2.8,2.8,3.7,6.5,0.13,0.17,0.3,0.13,0.3,Matches
Vicente Iborra\Vicente-Iborra,es ESP,MF,Leicester City,29,1988,19,17,1410,15.7,3,0,3,0,0,0,0,0.19,0,0.19,0.19,0.19,1.6,1.6,0.2,1.8,0.1,0.01,0.11,0.1,0.11,Matches
Zlatan Ibrahimovi?\Zlatan-Ibrahimovic,se SWE,MFFW,Manchester Utd,35,1981,5,1,106,1.2,0,0,0,0,0,0,0,0,0,0,0,0,0.3,0.3,0.2,0.4,0.25,0.13,0.38,0.25,0.38,Matches
Kelechi Iheanacho\Kelechi-Iheanacho,ng NGA,FWMF,Leicester City,20,1996,21,7,830,9.2,3,3,3,0,0,2,0,0.33,0.33,0.65,0.33,0.65,3.2,3.2,2.1,5.3,0.34,0.23,0.57,0.34,0.57,Matches
Tom Ince\Tom-Ince,eng ENG,MFFW,Huddersfield,25,1992,33,27,2452,27.2,2,0,2,0,0,0,0,0.07,0,0.07,0.07,0.07,7.2,7.2,1.4,8.6,0.27,0.05,0.32,0.27,0.32,Matches
Danny Ings\Danny-Ings,eng ENG,FW,Liverpool,25,1992,8,3,267,3,1,0,1,0,0,0,0,0.34,0,0.34,0.34,0.34,1.8,1.8,0.2,2,0.59,0.08,0.67,0.59,0.67,Matches
Stephen Ireland\Stephen-Ireland,ie IRL,MF,Stoke City,30,1986,4,1,131,1.5,0,0,0,0,0,1,0,0,0,0,0,0,0.3,0.3,0,0.3,0.21,0.03,0.23,0.21,0.23,Matches
Alex Iwobi\Alex-Iwobi,ng NGA,FWMF,Arsenal,21,1996,26,22,1830,20.3,3,5,3,0,0,1,0,0.15,0.25,0.39,0.15,0.39,3,3,3.6,6.7,0.15,0.18,0.33,0.15,0.33,Matches
José Izquierdo\Jose-Izquierdo,co COL,MFFW,Brighton,25,1992,32,23,1984,22,5,3,5,0,0,2,0,0.23,0.14,0.36,0.23,0.36,4.1,4.1,2.1,6.2,0.18,0.09,0.28,0.18,0.28,Matches
Phil Jagielka\Phil-Jagielka,eng ENG,DF,Everton,34,1982,25,23,2065,22.9,0,0,0,0,0,2,0,0,0,0,0,0,0.5,0.5,0,0.5,0.02,0,0.02,0.02,0.02,Matches
Eldin Jakupovi?\Eldin-Jakupovic,ch SUI,GK,Leicester City,32,1984,2,2,180,2,0,0,0,0,0,0,0,0,0,0,0,0,0,0,0,0,0,0,0,0,0,Matches
Matty James\Matty-James,eng ENG,MF,Leicester City,26,1991,13,11,993,11,0,0,0,0,0,2,0,0,0,0,0,0,1,1,0.1,1.1,0.09,0.01,0.1,0.09,0.1,Matches
Daryl Janmaat\Daryl-Janmaat,nl NED,DF,Watford,28,1989,23,21,1820,20.2,3,0,3,0,0,3,0,0.15,0,0.15,0.15,0.15,1.4,1.4,1,2.3,0.07,0.05,0.11,0.07,0.11,Matches
Vincent Janssen\Vincent-Janssen,nl NED,DF,Tottenham,23,1994,1,0,1,0,0,0,0,0,0,0,0,0,0,0,0,0,0,0,0,0,0,0,0,0,0,Matches
Jesé\Jese,es ESP,FWMF,Stoke City,24,1993,13,8,614,6.8,1,1,1,0,0,0,0,0.15,0.15,0.29,0.15,0.29,0.8,0.8,0.7,1.5,0.12,0.11,0.23,0.12,0.23,Matches
Gabriel Jesus\Gabriel-Jesus,br BRA,FW,Manchester City,20,1997,29,19,1668,18.5,13,3,13,0,2,6,0,0.7,0.16,0.86,0.7,0.86,13.1,11.6,2.2,13.7,0.71,0.12,0.82,0.62,0.74,Matches
Glen Johnson\Glen-Johnson,eng ENG,DF,Stoke City,32,1984,9,7,547,6.1,0,0,0,0,0,3,0,0,0,0,0,0,0.2,0.2,0.3,0.5,0.03,0.06,0.09,0.03,0.09,Matches
Phil Jones\Phil-Jones,eng ENG,DF,Manchester Utd,25,1992,23,23,1973,21.9,0,0,0,0,0,2,0,0,0,0,0,0,0.5,0.5,0,0.5,0.02,0,0.02,0.02,0.02,Matches
Joselu\Joselu,es ESP,FW,Newcastle Utd,27,1990,30,19,1712,19,4,1,4,0,1,2,0,0.21,0.05,0.26,0.21,0.26,6.5,5.7,0.5,6.2,0.34,0.02,0.37,0.3,0.33,Matches
Mathias Jørgensen\Mathias-Jorgensen,dk DEN,DF,Huddersfield,27,1990,38,38,3420,38,0,2,0,0,0,6,0,0,0.05,0.05,0,0.05,2.2,2.2,0.6,2.7,0.06,0.01,0.07,0.06,0.07,Matches
Christian Kabasele\Christian-Kabasele,be BEL,DF,Watford,26,1991,28,27,2330,25.9,2,0,2,0,0,5,0,0.08,0,0.08,0.08,0.08,0.5,0.5,0,0.6,0.02,0,0.02,0.02,0.02,Matches
Younès Kaboul\Younes-Kaboul,fr FRA,DF,Watford,31,1986,2,2,150,1.7,0,0,0,0,0,0,0,0,0,0,0,0,0,0,0,0,0,0,0,0,0,Matches
Elias Kachunga\Elias-Kachunga,cd COD,FWMF,Huddersfield,25,1992,19,17,1329,14.8,1,1,1,0,0,1,0,0.07,0.07,0.14,0.07,0.14,1.8,1.8,0.7,2.5,0.12,0.04,0.17,0.12,0.17,Matches
Sullay Kaikai\Sullay-Kaikai,eng ENG,MF,Crystal Palace,21,1995,1,0,14,0.2,0,0,0,0,0,0,0,0,0,0,0,0,0,0,0,0,0,0,0,0,0,Matches
Harry Kane\Harry-Kane,eng ENG,FW,Tottenham,24,1993,37,35,3076,34.2,30,2,28,2,3,5,0,0.88,0.06,0.94,0.82,0.88,26.1,23.8,2.7,26.5,0.76,0.08,0.84,0.7,0.78,Matches
N'Golo Kanté\NGolo-Kante,fr FRA,MF,Chelsea,26,1991,34,34,2994,33.3,1,1,1,0,0,3,0,0.03,0.03,0.06,0.03,0.06,0.8,0.8,2.4,3.2,0.02,0.07,0.1,0.02,0.1,Matches
Loris Karius\Loris-Karius,de GER,GK,Liverpool,24,1993,19,19,1710,19,0,0,0,0,0,1,0,0,0,0,0,0,0,0,0,0,0,0,0,0,0,Matches
Orestis Karnezis\Orestis-Karnezis,gr GRE,GK,Watford,32,1985,15,14,1292,14.4,0,0,0,0,0,0,0,0,0,0,0,0,0,0,0,0,0,0,0,0,0,Matches
Beram Kayal\Beram-Kayal,il ISR,MF,Brighton,29,1988,19,8,745,8.3,0,0,0,0,0,2,0,0,0,0,0,0,0.3,0.3,1,1.3,0.04,0.12,0.16,0.04,0.16,Matches
Michael Keane\Michael-Keane,eng ENG,DF,Everton,24,1993,30,29,2560,28.4,0,1,0,0,0,3,0,0,0.04,0.04,0,0.04,1.1,1.1,0.5,1.6,0.04,0.02,0.06,0.04,0.06,Matches
Martin Kelly\Martin-Kelly,eng ENG,DF,Crystal Palace,27,1990,15,12,1195,13.3,0,0,0,0,0,1,0,0,0,0,0,0,0.3,0.3,0,0.4,0.03,0,0.03,0.03,0.03,Matches
Kenedy\Kenedy,br BRA,MFFW,Newcastle Utd,21,1996,13,13,1023,11.4,2,2,2,0,0,1,0,0.18,0.18,0.35,0.18,0.35,2.1,2.1,2.1,4.1,0.18,0.18,0.37,0.18,0.37,Matches
Jonjoe Kenny\Jonjoe-Kenny,eng ENG,DF,Everton,20,1997,19,17,1590,17.7,0,1,0,0,0,2,0,0,0.06,0.06,0,0.06,0.2,0.2,1,1.2,0.01,0.06,0.07,0.01,0.07,Matches
Andy King\Andy-King,wal WAL,MF,Swansea City,28,1988,11,9,715,7.9,2,1,2,0,0,1,0,0.25,0.13,0.38,0.25,0.38,1,1,0.1,1.1,0.12,0.01,0.14,0.12,0.14,Matches
Andy King\Andy-King,wal WAL,MF,Leicester City,28,1988,11,5,537,6,1,0,1,0,0,1,0,0.17,0,0.17,0.17,0.17,0.9,0.9,0,0.9,0.14,0.01,0.15,0.14,0.15,Matches
Joshua King\Joshua-King,no NOR,FWMF,Bournemouth,25,1992,33,27,2453,27.3,8,3,6,2,2,3,0,0.29,0.11,0.4,0.22,0.33,7.7,6.2,4.4,10.6,0.28,0.16,0.44,0.23,0.39,Matches
Davy Klaassen\Davy-Klaassen,nl NED,MFFW,Everton,24,1993,7,3,251,2.8,0,0,0,0,0,0,0,0,0,0,0,0,0,0,0.1,0.1,0,0.04,0.04,0,0.04,Matches
Ragnar Klavan\Ragnar-Klavan,ee EST,DF,Liverpool,31,1985,19,16,1451,16.1,1,0,1,0,0,0,0,0.06,0,0.06,0.06,0.06,0,0,0.1,0.1,0,0.01,0.01,0,0.01,Matches
Anthony Knockaert\Anthony-Knockaert,fr FRA,MFFW,Brighton,25,1991,33,27,2421,26.9,3,1,3,0,0,4,1,0.11,0.04,0.15,0.11,0.15,3.5,3.5,2.5,6,0.13,0.09,0.22,0.13,0.22,Matches
Sead Kolašinac\Sead-Kolasinac,ba BIH,DFMF,Arsenal,24,1993,27,25,2147,23.9,2,4,2,0,0,3,0,0.08,0.17,0.25,0.08,0.25,2.5,2.5,2.4,4.9,0.11,0.1,0.21,0.11,0.21,Matches
Vincent Kompany\Vincent-Kompany,be BEL,DF,Manchester City,31,1986,17,17,1394,15.5,1,1,1,0,0,6,0,0.06,0.06,0.13,0.06,0.13,0.5,0.5,0.3,0.9,0.03,0.02,0.06,0.03,0.06,Matches
Terence Kongolo\Terence-Kongolo,nl NED,DF,Huddersfield,23,1994,13,11,1049,11.7,0,0,0,0,0,0,0,0,0,0,0,0,0.3,0.3,0.3,0.6,0.02,0.03,0.05,0.02,0.05,Matches
Laurent Koscielny\Laurent-Koscielny,fr FRA,DF,Arsenal,31,1985,25,25,2225,24.7,2,0,2,0,0,4,0,0.08,0,0.08,0.08,0.08,1.9,1.9,0.4,2.3,0.08,0.02,0.09,0.08,0.09,Matches
Cheikhou Kouyaté\Cheikhou-Kouyate,sn SEN,MF,West Ham,27,1989,33,32,2799,31.1,2,3,2,0,0,5,0,0.06,0.1,0.16,0.06,0.16,2.6,2.6,0.8,3.5,0.08,0.03,0.11,0.08,0.11,Matches
Bojan Krki?\Bojan-Krkic,es ESP,MF,Stoke City,26,1990,1,1,71,0.8,0,0,0,0,0,0,0,0,0,0,0,0,0,0,0,0,0.01,0.02,0.03,0.01,0.03,Matches
Grzegorz Krychowiak\Grzegorz-Krychowiak,pl POL,MF,West Brom,27,1990,27,20,1641,18.2,0,2,0,0,0,2,0,0,0.11,0.11,0,0.11,1,1,1.5,2.5,0.05,0.08,0.14,0.05,0.14,Matches
Rajiv van La Parra\Rajiv-van-La-Parra,nl NED,FWMF,Huddersfield,26,1991,33,26,2137,23.7,3,0,2,1,1,3,1,0.13,0,0.13,0.08,0.08,3.5,2.7,1.2,3.9,0.15,0.05,0.2,0.11,0.16,Matches
Alexandre Lacazette\Alexandre-Lacazette,fr FRA,FW,Arsenal,26,1991,32,26,2202,24.5,14,4,12,2,2,1,0,0.57,0.16,0.74,0.49,0.65,11.8,10.3,3.3,13.6,0.48,0.14,0.62,0.42,0.56,Matches
Freddie Ladapo\Freddie-Ladapo,eng ENG,FW,Crystal Palace,24,1993,1,0,17,0.2,0,0,0,0,0,0,0,0,0,0,0,0,0,0,0,0,0,0,0,0,0,Matches
Adam Lallana\Adam-Lallana,eng ENG,MFFW,Liverpool,29,1988,12,1,308,3.4,0,0,0,0,0,1,0,0,0,0,0,0,1.4,1.4,0.4,1.8,0.51,0.16,0.66,0.51,0.66,Matches
Érik Lamela\Erik-Lamela,ar ARG,FWMF,Tottenham,25,1992,25,7,843,9.4,2,2,2,0,0,4,0,0.21,0.21,0.43,0.21,0.43,3.1,3.1,1.5,4.6,0.33,0.16,0.49,0.33,0.49,Matches
Manuel Lanzini\Manuel-Lanzini,ar ARG,MFFW,West Ham,24,1993,27,23,2042,22.7,5,6,5,0,1,4,0,0.22,0.26,0.48,0.22,0.48,3.9,3.1,3.7,6.8,0.17,0.16,0.34,0.14,0.3,Matches
Aymeric Laporte\Aymeric-Laporte,fr FRA,DF,Manchester City,23,1994,9,9,806,9,0,0,0,0,0,1,0,0,0,0,0,0,0,0,0.1,0.1,0.01,0.01,0.01,0.01,0.01,Matches
Jamaal Lascelles\Jamaal-Lascelles,eng ENG,DF,Newcastle Utd,23,1993,33,32,2928,32.5,3,0,3,0,0,5,0,0.09,0,0.09,0.09,0.09,1.3,1.3,0.2,1.5,0.04,0.01,0.05,0.04,0.05,Matches
Florian Lejeune\Florian-Lejeune,fr FRA,DF,Newcastle Utd,26,1991,24,24,2103,23.4,0,2,0,0,0,3,0,0,0.09,0.09,0,0.09,0.3,0.3,1.3,1.6,0.01,0.06,0.07,0.01,0.07,Matches
Mario Lemina\Mario-Lemina,ga GAB,MF,Southampton,23,1993,25,20,1720,19.1,1,1,1,0,0,2,0,0.05,0.05,0.1,0.05,0.1,0.8,0.8,0.4,1.2,0.04,0.02,0.06,0.04,0.06,Matches
Aaron Lennon\Aaron-Lennon,eng ENG,FWMF,Everton,30,1987,15,9,793,8.8,0,0,0,0,0,0,0,0,0,0,0,0,0.3,0.3,0.5,0.7,0.03,0.05,0.08,0.03,0.08,Matches
Aaron Lennon\Aaron-Lennon,eng ENG,MFFW,Burnley,30,1987,14,13,1118,12.4,0,2,0,0,0,2,0,0,0.16,0.16,0,0.16,0.6,0.6,1.1,1.8,0.05,0.09,0.14,0.05,0.14,Matches
Victor Lindelöf\Victor-Lindelof,se SWE,DF,Manchester Utd,23,1994,17,13,1285,14.3,0,0,0,0,0,1,0,0,0,0,0,0,0,0,0.3,0.3,0,0.02,0.02,0,0.02,Matches
Jesse Lingard\Jesse-Lingard,eng ENG,MFFW,Manchester Utd,24,1992,33,20,1817,20.2,8,5,8,0,0,2,0,0.4,0.25,0.64,0.4,0.64,7.7,7.7,3,10.7,0.38,0.15,0.53,0.38,0.53,Matches
Jake Livermore\Jake-Livermore,eng ENG,MF,West Brom,27,1989,34,30,2674,29.7,2,2,2,0,0,5,0,0.07,0.07,0.13,0.07,0.13,2.1,2.1,2,4,0.07,0.07,0.14,0.07,0.14,Matches
Fernando Llorente\Fernando-Llorente,es ESP,FWDF,Tottenham,32,1985,16,1,238,2.6,1,0,1,0,0,1,0,0.38,0,0.38,0.38,0.38,1.1,1.1,0.3,1.4,0.42,0.12,0.54,0.42,0.54,Matches
Hugo Lloris\Hugo-Lloris,fr FRA,GK,Tottenham,30,1986,36,36,3240,36,0,0,0,0,0,1,0,0,0,0,0,0,0,0,0,0,0,0,0,0,0,Matches
Jürgen Locadia\Jurgen-Locadia,nl NED,FWMF,Brighton,23,1993,6,3,224,2.5,1,1,1,0,0,0,0,0.4,0.4,0.8,0.4,0.8,1,1,0.1,1.1,0.4,0.05,0.45,0.4,0.45,Matches
Ruben Loftus-Cheek\Ruben-Loftus-Cheek,eng ENG,MFFW,Crystal Palace,21,1996,24,21,1874,20.8,2,3,2,0,0,1,0,0.1,0.14,0.24,0.1,0.24,3.3,3.3,2.5,5.9,0.16,0.12,0.28,0.16,0.28,Matches
Joe Lolley\Joe-Lolley,eng ENG,MFFW,Huddersfield,24,1992,6,2,221,2.5,1,0,1,0,0,1,0,0.41,0,0.41,0.41,0.41,0.2,0.2,0.1,0.2,0.06,0.02,0.08,0.06,0.08,Matches
Kevin Long\Kevin-Long,ie IRL,DF,Burnley,26,1990,16,16,1440,16,1,2,1,0,0,1,0,0.06,0.12,0.19,0.06,0.19,1.3,1.3,0.9,2.2,0.08,0.06,0.14,0.08,0.14,Matches
Shane Long\Shane-Long,ie IRL,FW,Southampton,30,1987,30,15,1582,17.6,2,1,2,0,0,6,0,0.11,0.06,0.17,0.11,0.17,4.9,4.9,1.4,6.3,0.28,0.08,0.36,0.28,0.36,Matches
Ademola Lookman\Ademola-Lookman,eng ENG,MFFW,Everton,19,1997,7,1,159,1.8,0,0,0,0,0,0,0,0,0,0,0,0,0.1,0.1,0.7,0.8,0.07,0.41,0.48,0.07,0.48,Matches
Jonas Lössl\Jonas-Lossl,dk DEN,GK,Huddersfield,28,1989,38,38,3420,38,0,1,0,0,0,1,0,0,0.03,0.03,0,0.03,0,0,0.5,0.5,0,0.01,0.01,0,0.01,Matches
Dejan Lovren\Dejan-Lovren,hr CRO,DF,Liverpool,28,1989,29,24,2127,23.6,2,1,2,0,0,4,0,0.08,0.04,0.13,0.08,0.13,1.7,1.7,1.4,3.1,0.07,0.06,0.13,0.07,0.13,Matches
Chris Löwe\Chris-Lowe,de GER,DF,Huddersfield,28,1989,23,19,1588,17.6,0,0,0,0,0,1,0,0,0,0,0,0,0.3,0.3,0.6,0.8,0.02,0.03,0.05,0.02,0.05,Matches
Matthew Lowton\Matthew-Lowton,eng ENG,DF,Burnley,28,1989,26,25,2295,25.5,0,3,0,0,0,1,0,0,0.12,0.12,0,0.12,0.1,0.1,1.5,1.7,0.01,0.06,0.07,0.01,0.07,Matches
David Luiz\David-Luiz,br BRA,DFMF,Chelsea,30,1987,10,9,840,9.3,1,0,1,0,0,4,1,0.11,0,0.11,0.11,0.11,0.5,0.5,0.1,0.6,0.06,0.01,0.07,0.06,0.07,Matches
Romelu Lukaku\Romelu-Lukaku,be BEL,FW,Manchester Utd,24,1993,34,33,2867,31.9,16,7,16,0,1,4,0,0.5,0.22,0.72,0.5,0.72,13.6,12.9,5,17.9,0.43,0.16,0.59,0.4,0.56,Matches
Dodi Lukebakio\Dodi-Lukebakio,be BEL,MF,Watford,19,1997,1,0,16,0.2,0,0,0,0,0,0,0,0,0,0,0,0,0,0,0,0.1,0.08,0.21,0.29,0.08,0.29,Matches
Levi Lumeka\Levi-Lumeka,eng ENG,FW,Crystal Palace,18,1998,1,0,26,0.3,0,0,0,0,0,0,0,0,0,0,0,0,0.1,0.1,0,0.1,0.37,0,0.37,0.37,0.37,Matches
Harry Maguire\Harry-Maguire,eng ENG,DF,Leicester City,24,1993,38,38,3420,38,2,4,2,0,0,7,0,0.05,0.11,0.16,0.05,0.16,2.6,2.6,1.7,4.4,0.07,0.05,0.12,0.07,0.12,Matches
Riyad Mahrez\Riyad-Mahrez,dz ALG,MFFW,Leicester City,26,1991,36,34,2950,32.8,12,10,12,0,0,2,0,0.37,0.31,0.67,0.37,0.67,5.3,5.3,8,13.3,0.16,0.24,0.41,0.16,0.41,Matches
Ainsley Maitland-Niles\Ainsley-Maitland-Niles,eng ENG,DFMF,Arsenal,19,1997,15,8,914,10.2,0,0,0,0,0,1,0,0,0,0,0,0,0.2,0.2,0.7,0.9,0.02,0.07,0.09,0.02,0.09,Matches
Scott Malone\Scott-Malone,eng ENG,DF,Huddersfield,26,1991,22,12,1119,12.4,0,1,0,0,0,3,0,0,0.08,0.08,0,0.08,0.8,0.8,0.5,1.3,0.06,0.04,0.1,0.06,0.1,Matches
Sadio Mané\Sadio-Mane,sn SEN,FWMF,Liverpool,25,1992,29,28,2190,24.3,10,7,10,0,0,3,1,0.41,0.29,0.7,0.41,0.7,10.6,10.6,4.9,15.6,0.44,0.2,0.64,0.44,0.64,Matches
Eliaquim Mangala\Eliaquim-Mangala,fr FRA,DF,Everton,26,1991,2,2,134,1.5,0,0,0,0,0,0,0,0,0,0,0,0,0,0,0,0,0.03,0,0.03,0.03,0.03,Matches
Eliaquim Mangala\Eliaquim-Mangala,fr FRA,DF,Manchester City,26,1991,9,4,488,5.4,0,0,0,0,0,0,0,0,0,0,0,0,0.2,0.2,0.3,0.5,0.04,0.05,0.09,0.04,0.09,Matches
Javier Manquillo\Javier-Manquillo,es ESP,DF,Newcastle Utd,23,1994,21,20,1758,19.5,0,1,0,0,0,2,0,0,0.05,0.05,0,0.05,0.1,0.1,0.5,0.6,0,0.02,0.03,0,0.03,Matches
Solly March\Solly-March,eng ENG,MFFW,Brighton,23,1994,36,18,1851,20.6,1,1,1,0,0,3,0,0.05,0.05,0.1,0.05,0.1,1.3,1.3,1.7,2.9,0.06,0.08,0.14,0.06,0.14,Matches
Adrian Mariappa\Adrian-Mariappa,jm JAM,DF,Watford,30,1986,28,24,2210,24.6,0,0,0,0,0,4,0,0,0,0,0,0,0.6,0.6,0.2,0.8,0.02,0.01,0.03,0.02,0.03,Matches
João Mário\Joao-Mario,pt POR,MFFW,West Ham,24,1993,13,12,1022,11.4,2,1,2,0,0,0,0,0.18,0.09,0.26,0.18,0.26,1.8,1.8,1.5,3.3,0.16,0.13,0.29,0.16,0.29,Matches
Anthony Martial\Anthony-Martial,fr FRA,FWMF,Manchester Utd,21,1995,30,18,1582,17.6,9,5,8,1,1,1,0,0.51,0.28,0.8,0.46,0.74,6.8,6,5.1,11.1,0.38,0.29,0.67,0.34,0.63,Matches
Cuco Martina\Cuco-Martina,cw CUW,DF,Everton,27,1989,21,20,1830,20.3,0,2,0,0,0,2,0,0,0.1,0.1,0,0.1,0.1,0.1,1,1.2,0.01,0.05,0.06,0.01,0.06,Matches
Bruno Martins Indi\Bruno-Martins-Indi,nl NED,DF,Stoke City,25,1992,17,14,1243,13.8,0,0,0,0,0,3,0,0,0,0,0,0,0.4,0.4,0.2,0.6,0.03,0.01,0.04,0.03,0.04,Matches
Arthur Masuaku\Arthur-Masuaku,cd COD,MFDF,West Ham,23,1993,27,21,1870,20.8,0,3,0,0,0,5,0,0,0.14,0.14,0,0.14,0.2,0.2,2.3,2.5,0.01,0.11,0.12,0.01,0.12,Matches
Juan Mata\Juan-Mata,es ESP,FWMF,Manchester Utd,29,1988,28,23,1922,21.4,3,5,3,0,0,1,0,0.14,0.23,0.37,0.14,0.37,3,3,4.5,7.5,0.14,0.21,0.35,0.14,0.35,Matches
Nemanja Mati?\Nemanja-Matic,rs SRB,MF,Manchester Utd,28,1988,36,35,3118,34.6,1,1,1,0,0,6,0,0.03,0.03,0.06,0.03,0.06,0.7,0.7,1.8,2.5,0.02,0.05,0.07,0.02,0.07,Matches
Joël Matip\Joel-Matip,cm CMR,DF,Liverpool,25,1991,25,22,1997,22.2,1,0,1,0,0,3,0,0.05,0,0.05,0.05,0.05,2.3,2.3,0.4,2.7,0.1,0.02,0.12,0.1,0.12,Matches
Konstantinos Mavropanos\Konstantinos-Mavropanos,gr GRE,DFMF,Arsenal,19,1997,3,3,195,2.2,0,0,0,0,0,0,1,0,0,0,0,0,0,0,0,0,0,0,0,0,0,Matches
Alfie Mawson\Alfie-Mawson,eng ENG,DF,Swansea City,23,1994,38,38,3420,38,2,1,2,0,0,3,0,0.05,0.03,0.08,0.05,0.08,1.9,1.9,0.4,2.4,0.05,0.01,0.06,0.05,0.06,Matches
Eric Maxim Choupo-Moting\Eric-Maxim-Choupo-Moting,cm CMR,FWMF,Stoke City,28,1989,30,26,2314,25.7,5,5,5,0,0,3,0,0.19,0.19,0.39,0.19,0.39,5.2,5.2,3.3,8.5,0.21,0.13,0.34,0.21,0.34,Matches
Chancel Mbemba\Chancel-Mbemba,cd COD,DF,Newcastle Utd,22,1994,9,7,672,7.5,0,0,0,0,0,0,0,0,0,0,0,0,0,0,0.4,0.4,0,0.05,0.05,0,0.05,Matches
James McArthur\James-McArthur,sco SCO,MFFW,Crystal Palace,29,1987,33,27,2431,27,5,1,5,0,0,5,0,0.19,0.04,0.22,0.19,0.22,4.7,4.7,1.2,5.9,0.18,0.04,0.22,0.18,0.22,Matches
Gareth McAuley\Gareth-McAuley,nir NIR,DF,West Brom,37,1979,9,5,458,5.1,0,0,0,0,0,0,0,0,0,0,0,0,0.1,0.1,0,0.1,0.01,0,0.01,0.01,0.01,Matches
Oliver McBurnie\Oliver-McBurnie,sco SCO,FW,Swansea City,21,1996,11,2,276,3.1,0,1,0,0,0,0,0,0,0.33,0.33,0,0.33,0.5,0.5,0.5,0.9,0.15,0.15,0.3,0.15,0.3,Matches
Alex McCarthy\Alex-McCarthy,eng ENG,GK,Southampton,27,1989,18,18,1620,18,0,0,0,0,0,2,0,0,0,0,0,0,0,0,0,0,0,0,0,0,0,Matches
James McCarthy\James-McCarthy,ie IRL,MF,Everton,26,1990,4,3,205,2.3,0,0,0,0,0,0,0,0,0,0,0,0,0,0,0,0.1,0.01,0.01,0.02,0.01,0.02,Matches
James McClean\James-McClean,ie IRL,MFFW,West Brom,28,1989,30,14,1406,15.6,1,0,1,0,0,7,0,0.06,0,0.06,0.06,0.06,1.6,1.6,0.7,2.4,0.1,0.05,0.15,0.1,0.15,Matches
Sam McQueen\Sam-McQueen,eng ENG,DFFW,Southampton,22,1995,7,1,148,1.6,0,0,0,0,0,0,0,0,0,0,0,0,0,0,0.2,0.2,0.01,0.13,0.14,0.01,0.14,Matches
Scott McTominay\Scott-McTominay,sco SCO,MF,Manchester Utd,20,1996,13,7,634,7,0,0,0,0,0,2,0,0,0,0,0,0,0.4,0.4,0,0.5,0.06,0.01,0.07,0.06,0.07,Matches
Ben Mee\Ben-Mee,eng ENG,DF,Burnley,27,1989,29,29,2610,29,0,0,0,0,0,5,0,0,0,0,0,0,1.7,1.7,0.3,2,0.06,0.01,0.07,0.06,0.07,Matches
Benjamin Mendy\Benjamin-Mendy,fr FRA,DF,Manchester City,23,1994,7,4,363,4,0,1,0,0,0,2,0,0,0.25,0.25,0,0.25,0.2,0.2,0.5,0.7,0.05,0.12,0.18,0.05,0.18,Matches
Mikel Merino\Mikel-Merino,es ESP,MF,Newcastle Utd,21,1996,24,14,1347,15,1,1,1,0,0,4,0,0.07,0.07,0.13,0.07,0.13,0.6,0.6,0.6,1.2,0.04,0.04,0.08,0.04,0.08,Matches
Per Mertesacker\Per-Mertesacker,de GER,DF,Arsenal,32,1984,6,4,366,4.1,1,0,1,0,0,0,0,0.25,0,0.25,0.25,0.25,0.3,0.3,0,0.3,0.06,0,0.06,0.06,0.06,Matches
Roque Mesa\Roque-Mesa,es ESP,MF,Swansea City,28,1989,11,9,754,8.4,0,0,0,0,0,3,0,0,0,0,0,0,0.1,0.1,0.3,0.4,0.02,0.03,0.05,0.02,0.05,Matches
Simon Mignolet\Simon-Mignolet,be BEL,GK,Liverpool,29,1988,19,19,1710,19,0,0,0,0,0,3,0,0,0,0,0,0,0,0,0,0,0,0,0,0,0,Matches
Luka Milivojevi?\Luka-Milivojevic,rs SRB,MF,Crystal Palace,26,1991,36,35,3080,34.2,10,1,4,6,7,8,0,0.29,0.03,0.32,0.12,0.15,7.3,2,1.1,3.1,0.21,0.03,0.25,0.06,0.09,Matches
James Milner\James-Milner,eng ENG,MF,Liverpool,31,1986,32,16,1775,19.7,0,3,0,0,0,3,0,0,0.15,0.15,0,0.15,1.7,1.7,3.5,5.1,0.09,0.18,0.26,0.09,0.26,Matches
Tyrone Mings\Tyrone-Mings,eng ENG,DF,Bournemouth,24,1993,4,3,201,2.2,0,0,0,0,0,1,0,0,0,0,0,0,0,0,0.1,0.1,0.01,0.04,0.04,0.01,0.04,Matches
Kevin Mirallas\Kevin-Mirallas,be BEL,FWMF,Everton,29,1987,5,2,138,1.5,0,0,0,0,0,1,0,0,0,0,0,0,0.1,0.1,0.1,0.2,0.1,0.04,0.14,0.1,0.14,Matches
Aleksandar Mitrovi?\Aleksandar-Mitrovic,rs SRB,FW,Newcastle Utd,22,1994,6,0,95,1.1,1,0,1,0,0,0,0,0.95,0,0.95,0.95,0.95,1.8,1.8,0.4,2.2,1.71,0.38,2.09,1.71,2.09,Matches
Henrikh Mkhitaryan\Henrikh-Mkhitaryan,am ARM,FWMF,Arsenal,28,1989,11,9,794,8.8,2,4,2,0,0,0,0,0.23,0.45,0.68,0.23,0.68,1.8,1.8,2.3,4.1,0.2,0.27,0.47,0.2,0.47,Matches
Henrikh Mkhitaryan\Henrikh-Mkhitaryan,am ARM,MFFW,Manchester Utd,28,1989,15,11,922,10.2,1,5,1,0,0,2,0,0.1,0.49,0.59,0.1,0.59,0.9,0.9,3.5,4.4,0.09,0.34,0.43,0.09,0.43,Matches
Nacho Monreal\Nacho-Monreal,es ESP,DF,Arsenal,31,1986,28,26,2243,24.9,5,2,5,0,0,3,0,0.2,0.08,0.28,0.2,0.28,1.8,1.8,1.3,3,0.07,0.05,0.12,0.07,0.12,Matches
Aaron Mooy\Aaron-Mooy,au AUS,MF,Huddersfield,26,1990,36,34,3067,34.1,4,3,3,1,1,4,0,0.12,0.09,0.21,0.09,0.18,2.5,1.7,3.9,5.6,0.07,0.11,0.19,0.05,0.16,Matches
Álvaro Morata\Alvaro-Morata,es ESP,FW,Chelsea,24,1992,31,24,2061,22.9,11,6,11,0,0,7,0,0.48,0.26,0.74,0.48,0.74,12.7,12.7,3.4,16.2,0.56,0.15,0.71,0.56,0.71,Matches
Alberto Moreno\Alberto-Moreno,es ESP,DF,Liverpool,25,1992,16,14,1266,14.1,0,0,0,0,0,1,0,0,0,0,0,0,0.5,0.5,0.8,1.3,0.04,0.06,0.09,0.04,0.09,Matches
Wes Morgan\Wes-Morgan,jm JAM,DF,Leicester City,33,1984,32,32,2817,31.3,0,0,0,0,0,4,0,0,0,0,0,0,1.6,1.6,0.3,1.9,0.05,0.01,0.06,0.05,0.06,Matches
James Morrison\James-Morrison,sco SCO,MF,West Brom,31,1986,4,2,207,2.3,1,0,1,0,0,0,0,0.43,0,0.43,0.43,0.43,0.7,0.7,0.1,0.8,0.29,0.04,0.33,0.29,0.33,Matches
Victor Moses\Victor-Moses,ng NGA,DFMF,Chelsea,26,1990,28,25,2110,23.4,3,3,3,0,0,3,0,0.13,0.13,0.26,0.13,0.26,3.2,3.2,2.7,5.9,0.14,0.12,0.25,0.14,0.25,Matches
Steve Mounié\Steve-Mounie,bj BEN,FW,Huddersfield,22,1994,28,21,1855,20.6,7,1,7,0,0,2,0,0.34,0.05,0.39,0.34,0.39,5.3,5.3,0.9,6.2,0.26,0.05,0.3,0.26,0.3,Matches
Lucas Moura\Lucas-Moura,br BRA,FW,Tottenham,24,1992,6,2,210,2.3,0,1,0,0,0,0,0,0,0.43,0.43,0,0.43,0.2,0.2,0.2,0.4,0.08,0.09,0.17,0.08,0.17,Matches
Lys Mousset\Lys-Mousset,fr FRA,FWMF,Bournemouth,21,1996,23,4,596,6.6,2,0,2,0,0,1,0,0.3,0,0.3,0.3,0.3,1.2,1.2,0.4,1.5,0.18,0.06,0.23,0.18,0.23,Matches
Jacob Murphy\Jacob-Murphy,eng ENG,FWMF,Newcastle Utd,22,1995,25,13,1148,12.8,1,1,1,0,0,0,0,0.08,0.08,0.16,0.08,0.16,1.6,1.6,1.3,2.9,0.13,0.1,0.23,0.13,0.23,Matches
Jamie Murphy\Jamie-Murphy,sco SCO,MF,Brighton,27,1989,4,1,168,1.9,0,0,0,0,0,0,0,0,0,0,0,0,0.1,0.1,0,0.1,0.03,0.01,0.04,0.03,0.04,Matches
Glenn Murray\Glenn-Murray,eng ENG,FW,Brighton,33,1983,35,25,2192,24.4,12,0,8,4,6,9,0,0.49,0,0.49,0.33,0.33,11.6,7,1,8,0.47,0.04,0.52,0.29,0.33,Matches
Charly Musonda Jr.\Charly-Musonda-Jr,be BEL,FW,Chelsea,20,1996,3,0,37,0.4,0,0,0,0,0,0,0,0,0,0,0,0,0.2,0.2,0.5,0.7,0.51,1.22,1.72,0.51,1.72,Matches
Shkodran Mustafi\Shkodran-Mustafi,de GER,DF,Arsenal,25,1992,27,25,2273,25.3,3,1,3,0,0,6,0,0.12,0.04,0.16,0.12,0.16,1,1,0.5,1.4,0.04,0.02,0.06,0.04,0.06,Matches
Boaz Myhill\Boaz-Myhill,wal WAL,GK,West Brom,34,1982,1,1,90,1,0,0,0,0,0,1,0,0,0,0,0,0,0,0,0,0,0,0,0,0,0,Matches
Georges-Kévin N'Koudou\Georges-Kevin-NKoudou,fr FRA,MF,Tottenham,22,1995,1,0,1,0,0,0,0,0,0,0,0,0,0,0,0,0,0,0,0,0,,,,,,Matches
Georges-Kévin N'Koudou\Georges-Kevin-NKoudou,fr FRA,MF,Burnley,22,1995,8,2,228,2.5,0,0,0,0,0,1,0,0,0,0,0,0,0.1,0.1,0,0.1,0.04,0,0.04,0.04,0.04,Matches
Luciano Narsingh\Luciano-Narsingh,nl NED,FWMF,Swansea City,26,1990,18,5,625,6.9,1,0,1,0,0,0,0,0.14,0,0.14,0.14,0.14,1.3,1.3,1,2.3,0.18,0.15,0.33,0.18,0.33,Matches
Kyle Naughton\Kyle-Naughton,eng ENG,DF,Swansea City,28,1988,34,34,3030,33.7,0,2,0,0,0,1,0,0,0.06,0.06,0,0.06,0.3,0.3,0.4,0.7,0.01,0.01,0.02,0.01,0.02,Matches
Badou Ndiaye\Badou-Ndiaye,sn SEN,MF,Stoke City,26,1990,13,13,1138,12.6,2,1,2,0,0,5,0,0.16,0.08,0.24,0.16,0.24,1.3,1.3,0.2,1.5,0.1,0.02,0.12,0.1,0.12,Matches
Wilfred Ndidi\Wilfred-Ndidi,ng NGA,MF,Leicester City,20,1996,33,33,2898,32.2,0,3,0,0,0,8,4,0,0.09,0.09,0,0.09,1.8,1.8,0.6,2.4,0.06,0.02,0.07,0.06,0.07,Matches
Reiss Nelson\Reiss-Nelson,eng ENG,MFFW,Arsenal,17,1999,3,2,145,1.6,0,0,0,0,0,0,0,0,0,0,0,0,0.1,0.1,0,0.2,0.07,0.02,0.09,0.07,0.09,Matches
Julien Ngoy\Julien-Ngoy,be BEL,FWMF,Stoke City,19,1997,1,0,20,0.2,0,0,0,0,0,0,0,0,0,0,0,0,0,0,0,0,0,0,0,0,0,Matches
Oumar Niasse\Oumar-Niasse,sn SEN,FW,Everton,27,1990,22,10,1087,12.1,8,2,8,0,0,2,0,0.66,0.17,0.83,0.66,0.83,6.6,6.6,1.9,8.6,0.55,0.16,0.71,0.55,0.71,Matches
Eddie Nketiah\Eddie-Nketiah,eng ENG,FWMF,Arsenal,18,1999,3,0,20,0.2,0,1,0,0,0,0,0,0,4.5,4.5,0,4.5,0.1,0.1,0,0.1,0.24,0,0.24,0.24,0.24,Matches
Lukas Nmecha\Lukas-Nmecha,de GER,FW,Manchester City,18,1998,2,0,16,0.2,0,0,0,0,0,0,0,0,0,0,0,0,0,0,0,0,0,0,0,0,0,Matches
Mark Noble\Mark-Noble,eng ENG,MF,West Ham,30,1987,29,28,2400,26.7,4,0,2,2,2,6,0,0.15,0,0.15,0.07,0.07,2.2,0.7,1.6,2.3,0.08,0.06,0.14,0.03,0.09,Matches
Allan Nyom\Allan-Nyom,cm CMR,DF,West Brom,29,1988,29,25,2310,25.7,0,1,0,0,0,7,0,0,0.04,0.04,0,0.04,0.1,0.1,0.9,1,0,0.04,0.04,0,0.04,Matches
Aiden O'Neill\Aiden-ONeill,au AUS,MF,Burnley,19,1998,1,0,1,0,0,0,0,0,0,0,0,0,0,0,0,0,,,,,,,,,,Matches
Michael Obafemi\Michael-Obafemi,ie IRL,FW,Southampton,17,2000,1,0,9,0.1,0,0,0,0,0,0,0,0,0,0,0,0,0.3,0.3,0,0.3,2.58,0,2.58,2.58,2.58,Matches
Pedro Obiang\Pedro-Obiang,gq EQG,MF,West Ham,25,1992,21,18,1563,17.4,2,0,2,0,0,3,0,0.12,0,0.12,0.12,0.12,0.4,0.4,0.4,0.8,0.02,0.02,0.05,0.02,0.05,Matches
Angelo Ogbonna\Angelo-Ogbonna,it ITA,DF,West Ham,29,1988,32,32,2880,32,1,0,1,0,0,3,0,0.03,0,0.03,0.03,0.03,0.6,0.6,0.5,1.1,0.02,0.02,0.03,0.02,0.03,Matches
Stefano Okaka\Stefano-Okaka,it ITA,FWMF,Watford,27,1989,15,3,453,5,1,1,1,0,0,2,0,0.2,0.2,0.4,0.2,0.4,1.2,1.2,0.4,1.6,0.24,0.07,0.32,0.24,0.32,Matches
Shinji Okazaki\Shinji-Okazaki,jp JPN,MFFW,Leicester City,31,1986,27,17,1324,14.7,6,2,6,0,0,2,0,0.41,0.14,0.54,0.41,0.54,5.9,5.9,1.9,7.8,0.4,0.13,0.53,0.4,0.53,Matches
Martin Olsson\Martin-Olsson,se SWE,DFMF,Swansea City,29,1988,36,36,3149,35,0,1,0,0,0,7,0,0,0.03,0.03,0,0.03,0.9,0.9,1,1.9,0.02,0.03,0.05,0.02,0.05,Matches
Divock Origi\Divock-Origi,be BEL,FW,Liverpool,22,1995,1,0,10,0.1,0,0,0,0,0,0,0,0,0,0,0,0,0,0,0,0,0,0,0,0,0,Matches
David Ospina\David-Ospina,co COL,GK,Arsenal,28,1988,5,4,381,4.2,0,0,0,0,0,0,0,0,0,0,0,0,0,0,0,0,0,0,0,0,0,Matches
Nicolás Otamendi\Nicolas-Otamendi,ar ARG,DF,Manchester City,29,1988,34,33,2967,33,4,0,4,0,0,9,0,0.12,0,0.12,0.12,0.12,2.8,2.8,0.4,3.3,0.09,0.01,0.1,0.09,0.1,Matches
Reece Oxford\Reece-Oxford,eng ENG,MF,West Ham,18,1998,1,0,5,0.1,0,0,0,0,0,0,0,0,0,0,0,0,0,0,0,0,0,0,0,0,0,Matches
Alex Oxlade-Chamberlain\Alex-Oxlade-Chamberlain,eng ENG,MFDF,Arsenal,23,1993,3,3,241,2.7,0,0,0,0,0,0,0,0,0,0,0,0,0.3,0.3,0.4,0.7,0.09,0.17,0.26,0.09,0.26,Matches
Alex Oxlade-Chamberlain\Alex-Oxlade-Chamberlain,eng ENG,MFFW,Liverpool,23,1993,32,14,1493,16.6,3,7,3,0,0,3,0,0.18,0.42,0.6,0.18,0.6,2,2,3.6,5.6,0.12,0.22,0.34,0.12,0.34,Matches
Mesut Özil\Mesut-Ozil,de GER,MFFW,Arsenal,28,1988,26,24,2163,24,4,8,4,0,0,4,0,0.17,0.33,0.5,0.17,0.5,4.2,4.2,7,11.2,0.17,0.29,0.47,0.17,0.47,Matches
Kasey Palmer\Kasey-Palmer,jm JAM,MFFW,Huddersfield,20,1996,4,1,170,1.9,0,0,0,0,0,2,0,0,0,0,0,0,0.1,0.1,0,0.1,0.04,0.01,0.05,0.04,0.05,Matches
Emerson Palmieri\Emerson-Palmieri,it ITA,DFMF,Chelsea,22,1994,5,3,280,3.1,0,1,0,0,0,0,0,0,0.32,0.32,0,0.32,0.1,0.1,0.1,0.2,0.03,0.02,0.06,0.03,0.06,Matches
Pedro\Pedro,es ESP,FWMF,Chelsea,30,1987,31,17,1523,16.9,4,2,4,0,0,1,0,0.24,0.12,0.35,0.24,0.35,4.2,4.2,1.5,5.8,0.25,0.09,0.34,0.25,0.34,Matches
Roberto Pereyra\Roberto-Pereyra,ar ARG,MFFW,Watford,26,1991,32,18,1624,18,5,2,5,0,0,3,0,0.28,0.11,0.39,0.28,0.39,3.5,3.5,2.4,6,0.2,0.13,0.33,0.2,0.33,Matches
Ayoze Pérez\Ayoze-Perez,es ESP,MFFW,Newcastle Utd,24,1993,36,28,2492,27.7,8,5,8,0,0,3,0,0.29,0.18,0.47,0.29,0.47,6.5,6.5,3.2,9.8,0.24,0.12,0.35,0.24,0.35,Matches
Matt Phillips\Matt-Phillips,sco SCO,MFFW,West Brom,26,1991,30,23,2093,23.3,2,2,2,0,0,3,0,0.09,0.09,0.17,0.09,0.17,2.2,2.2,4.2,6.4,0.09,0.18,0.27,0.09,0.27,Matches
Jordan Pickford\Jordan-Pickford,eng ENG,GK,Everton,23,1994,38,38,3420,38,0,0,0,0,0,0,0,0,0,0,0,0,0,0,0.1,0.1,0,0,0,0,0,Matches
Jérémy Pied\Jeremy-Pied,fr FRA,DF,Southampton,28,1989,2,2,180,2,0,1,0,0,0,0,0,0,0.5,0.5,0,0.5,0.1,0.1,0.4,0.5,0.03,0.2,0.23,0.03,0.23,Matches
Erik Pieters\Erik-Pieters,nl NED,DFMF,Stoke City,28,1988,31,30,2718,30.2,0,1,0,0,0,5,0,0,0.03,0.03,0,0.03,0,0,1.3,1.4,0,0.04,0.04,0,0.04,Matches
Paul Pogba\Paul-Pogba,fr FRA,MF,Manchester Utd,24,1993,27,25,2148,23.9,6,10,6,0,0,5,1,0.25,0.42,0.67,0.25,0.67,6.5,6.5,3.9,10.4,0.27,0.16,0.44,0.27,0.44,Matches
Nick Pope\Nick-Pope,eng ENG,GK,Burnley,25,1992,35,34,3115,34.6,0,0,0,0,0,3,0,0,0,0,0,0,0,0,0.5,0.5,0,0.02,0.02,0,0.02,Matches
Alex Pritchard\Alex-Pritchard,eng ENG,MFFW,Huddersfield,24,1993,14,12,998,11.1,1,1,1,0,0,1,0,0.09,0.09,0.18,0.09,0.18,1.7,1.7,2.6,4.3,0.15,0.23,0.38,0.15,0.38,Matches
Sebastian Prödl\Sebastian-Prodl,at AUT,DF,Watford,30,1987,21,17,1570,17.4,0,0,0,0,0,5,0,0,0,0,0,0,0.8,0.8,0.1,0.9,0.04,0.01,0.05,0.04,0.05,Matches
Davy Pröpper\Davy-Propper,nl NED,MF,Brighton,25,1991,35,35,3119,34.7,0,4,0,0,0,2,1,0,0.12,0.12,0,0.12,2.1,2.1,1.1,3.2,0.06,0.03,0.09,0.06,0.09,Matches
Marc Pugh\Marc-Pugh,eng ENG,MFFW,Bournemouth,30,1987,20,11,985,10.9,0,0,0,0,0,2,0,0,0,0,0,0,1.6,1.6,0.7,2.3,0.14,0.06,0.21,0.14,0.21,Matches
Jason Puncheon\Jason-Puncheon,eng ENG,MFFW,Crystal Palace,31,1986,10,6,645,7.2,0,0,0,0,0,5,0,0,0,0,0,0,0.6,0.6,0.3,0.9,0.09,0.05,0.14,0.09,0.14,Matches
Collin Quaner\Collin-Quaner,de GER,FWMF,Huddersfield,26,1991,26,13,1280,14.2,0,4,0,0,0,4,0,0,0.28,0.28,0,0.28,1.4,1.4,2.4,3.8,0.1,0.17,0.26,0.1,0.26,Matches
Sandro Ramírez\Sandro-Ramirez,es ESP,FWMF,Everton,22,1995,8,3,278,3.1,0,0,0,0,0,0,0,0,0,0,0,0,0.8,0.8,0,0.8,0.26,0,0.26,0.26,0.26,Matches
Aaron Ramsey\Aaron-Ramsey,wal WAL,MF,Arsenal,26,1990,24,21,1846,20.5,7,8,7,0,0,0,0,0.34,0.39,0.73,0.34,0.73,5.1,5.1,4.7,9.7,0.25,0.23,0.47,0.25,0.47,Matches
Àngel Rangel\Angel-Rangel,es ESP,DF,Swansea City,34,1982,4,2,156,1.7,0,0,0,0,0,0,0,0,0,0,0,0,0,0,0.1,0.1,0,0.05,0.05,0,0.05,Matches
Marcus Rashford\Marcus-Rashford,eng ENG,FWMF,Manchester Utd,19,1997,35,17,1813,20.1,7,5,7,0,0,3,0,0.35,0.25,0.6,0.35,0.6,4.5,4.5,4.5,9,0.22,0.23,0.45,0.22,0.45,Matches
Nathan Redmond\Nathan-Redmond,eng ENG,FWMF,Southampton,23,1994,31,22,1945,21.6,1,3,1,0,0,3,0,0.05,0.14,0.19,0.05,0.19,2.3,2.3,3.6,5.9,0.11,0.17,0.27,0.11,0.27,Matches
Winston Reid\Winston-Reid,nz NZL,DF,West Ham,29,1988,17,17,1452,16.1,0,0,0,0,0,5,0,0,0,0,0,0,0.3,0.3,0.1,0.5,0.02,0.01,0.03,0.02,0.03,Matches
Declan Rice\Declan-Rice,eng ENG,DFMF,West Ham,18,1999,26,15,1430,15.9,0,0,0,0,0,1,0,0,0,0,0,0,0.2,0.2,0,0.2,0.01,0,0.01,0.01,0.01,Matches
Richarlison\Richarlison,br BRA,FWMF,Watford,20,1997,38,32,2823,31.4,5,4,5,0,0,4,0,0.16,0.13,0.29,0.16,0.29,10.1,10.1,3.3,13.4,0.32,0.1,0.43,0.32,0.43,Matches
Jaïro Riedewald\Jairo-Riedewald,nl NED,MFDF,Crystal Palace,20,1996,12,4,442,4.9,0,0,0,0,0,0,0,0,0,0,0,0,0,0,0.1,0.1,0.01,0.02,0.03,0.01,0.03,Matches
Matt Ritchie\Matt-Ritchie,sco SCO,MFFW,Newcastle Utd,27,1989,35,32,2804,31.2,3,5,3,0,0,6,0,0.1,0.16,0.26,0.1,0.26,3.2,3.2,5.2,8.4,0.1,0.17,0.27,0.1,0.27,Matches
Connor Roberts\Connor-Roberts,wal WAL,MF,Swansea City,21,1995,4,3,268,3,0,0,0,0,0,0,0,0,0,0,0,0,0,0,0,0,0,0,0,0,0,Matches
Andrew Robertson\Andrew-Robertson,sco SCO,DF,Liverpool,23,1994,22,22,1940,21.6,1,5,1,0,0,2,0,0.05,0.23,0.28,0.05,0.28,0.7,0.7,3.1,3.8,0.03,0.14,0.17,0.03,0.17,Matches
Hal Robson-Kanu\Hal-Robson-Kanu,wal WAL,FWMF,West Brom,28,1989,21,8,827,9.2,2,0,2,0,0,2,1,0.22,0,0.22,0.22,0.22,2.3,2.3,0.7,2.9,0.25,0.07,0.32,0.25,0.32,Matches
Jay Rodriguez\Jay-Rodriguez,eng ENG,FWMF,West Brom,28,1989,37,31,2812,31.2,7,1,6,1,1,2,0,0.22,0.03,0.26,0.19,0.22,7.9,7.2,1.2,8.4,0.25,0.04,0.29,0.23,0.27,Matches
Marcos Rojo\Marcos-Rojo,ar ARG,DF,Manchester Utd,27,1990,9,8,640,7.1,0,0,0,0,0,6,0,0,0,0,0,0,0.1,0.1,0.3,0.5,0.02,0.05,0.06,0.02,0.06,Matches
Sergio Romero\Sergio-Romero,ar ARG,GK,Manchester Utd,30,1987,1,1,90,1,0,0,0,0,0,0,0,0,0,0,0,0,0,0,0,0,0,0,0,0,0,Matches
Oriol Romeu\Oriol-Romeu,es ESP,MF,Southampton,25,1991,34,34,2897,32.2,1,0,1,0,0,11,0,0.03,0,0.03,0.03,0.03,2,2,1.2,3.2,0.06,0.04,0.1,0.06,0.1,Matches
Salomón Rondón\Salomon-Rondon,ve VEN,FW,West Brom,27,1989,36,32,2767,30.7,7,3,7,0,0,4,0,0.23,0.1,0.33,0.23,0.33,6.8,6.8,1.6,8.5,0.22,0.05,0.28,0.22,0.28,Matches
Wayne Rooney\Wayne-Rooney,eng ENG,MFFW,Everton,31,1985,31,27,2268,25.2,10,2,7,3,6,5,0,0.4,0.08,0.48,0.28,0.36,8.5,3.8,2.5,6.3,0.34,0.1,0.44,0.15,0.25,Matches
Danny Rose\Danny-Rose,eng ENG,DFMF,Tottenham,27,1990,10,9,800,8.9,0,1,0,0,0,4,0,0,0.11,0.11,0,0.11,0.7,0.7,1,1.7,0.08,0.11,0.19,0.08,0.19,Matches
Liam Rosenior\Liam-Rosenior,eng ENG,DF,Brighton,33,1984,3,1,164,1.8,0,0,0,0,0,0,0,0,0,0,0,0,0,0,0,0,0.02,0,0.02,0.02,0.02,Matches
Wayne Routledge\Wayne-Routledge,eng ENG,MFFW,Swansea City,32,1985,15,4,429,4.8,0,0,0,0,0,1,0,0,0,0,0,0,0.4,0.4,1,1.4,0.08,0.21,0.29,0.08,0.29,Matches
Antonio Rüdiger\Antonio-Rudiger,de GER,DF,Chelsea,24,1993,27,25,2338,26,2,1,2,0,0,4,0,0.08,0.04,0.12,0.08,0.12,1.9,1.9,0.5,2.4,0.07,0.02,0.09,0.07,0.09,Matches
Mathew Ryan\Mathew-Ryan,au AUS,GK,Brighton,25,1992,38,38,3420,38,0,0,0,0,0,0,0,0,0,0,0,0,0,0,0,0,0,0,0,0,0,Matches
Abdelhamid Sabiri\Abdelhamid-Sabiri,de GER,MFDF,Huddersfield,20,1996,5,2,220,2.4,0,1,0,0,0,1,0,0,0.41,0.41,0,0.41,0.2,0.2,0.2,0.4,0.08,0.09,0.17,0.08,0.17,Matches
Henri Saivet\Henri-Saivet,sn SEN,MF,Newcastle Utd,26,1990,1,1,83,0.9,1,0,1,0,0,0,0,1.08,0,1.08,1.08,1.08,0,0,0,0,0.02,0,0.02,0.02,0.02,Matches
Diafra Sakho\Diafra-Sakho,sn SEN,FWMF,West Ham,27,1989,14,0,306,3.4,2,0,2,0,0,2,0,0.59,0,0.59,0.59,0.59,1.5,1.5,0,1.6,0.45,0.01,0.46,0.45,0.46,Matches
Mamadou Sakho\Mamadou-Sakho,fr FRA,DF,Crystal Palace,27,1990,19,18,1600,17.8,1,2,1,0,0,1,0,0.06,0.11,0.17,0.06,0.17,1.5,1.5,1.1,2.6,0.08,0.06,0.15,0.08,0.15,Matches
Bakary Sako\Bakary-Sako,ml MLI,FWMF,Crystal Palace,29,1988,16,4,478,5.3,3,0,3,0,0,0,0,0.56,0,0.56,0.56,0.56,1.8,1.8,0.8,2.6,0.34,0.16,0.5,0.34,0.5,Matches
Mohamed Salah\Mohamed-Salah,eg EGY,FWMF,Liverpool,25,1992,36,34,2907,32.3,32,10,31,1,2,1,0,0.99,0.31,1.3,0.96,1.27,22.3,20.8,8.3,29.1,0.69,0.26,0.95,0.64,0.9,Matches
Renato Sanches\Renato-Sanches,pt POR,MF,Swansea City,19,1997,12,9,702,7.8,0,0,0,0,0,1,0,0,0,0,0,0,0.5,0.5,0.4,0.9,0.06,0.05,0.12,0.06,0.12,Matches
Alexis Sánchez\Alexis-Sanchez,cl CHI,FWMF,Arsenal,28,1988,19,17,1503,16.7,7,3,6,1,1,4,0,0.42,0.18,0.6,0.36,0.54,7.3,6.5,5.3,11.8,0.44,0.32,0.75,0.39,0.71,Matches
Alexis Sánchez\Alexis-Sanchez,cl CHI,FWMF,Manchester Utd,28,1988,12,12,1043,11.6,2,3,2,0,1,1,0,0.17,0.26,0.43,0.17,0.43,3.7,2.7,1.9,4.6,0.32,0.17,0.48,0.23,0.4,Matches
Davinson Sánchez\Davinson-Sanchez,co COL,DF,Tottenham,21,1996,31,29,2534,28.2,0,0,0,0,0,1,1,0,0,0,0,0,1,1,0.1,1.1,0.04,0,0.04,0.04,0.04,Matches
Leroy Sané\Leroy-Sane,de GER,FW,Manchester City,21,1996,32,27,2419,26.9,10,15,10,0,0,4,0,0.37,0.56,0.93,0.37,0.93,4.7,4.7,7.8,12.5,0.17,0.29,0.46,0.17,0.46,Matches
Ezequiel Schelotto\Ezequiel-Schelotto,it ITA,DF,Brighton,28,1989,20,15,1318,14.6,0,0,0,0,0,3,0,0,0,0,0,0,0.8,0.8,0.8,1.6,0.05,0.05,0.11,0.05,0.11,Matches
Christopher Schindler\Christopher-Schindler,de GER,DF,Huddersfield,27,1990,37,37,3265,36.3,0,1,0,0,0,7,2,0,0.03,0.03,0,0.03,0.9,0.9,1.7,2.6,0.02,0.05,0.07,0.02,0.07,Matches
Jeffrey Schlupp\Jeffrey-Schlupp,gh GHA,DFMF,Crystal Palace,24,1992,24,21,1745,19.4,0,1,0,0,0,3,0,0,0.05,0.05,0,0.05,1.6,1.6,0.8,2.4,0.08,0.04,0.13,0.08,0.13,Matches
Kasper Schmeichel\Kasper-Schmeichel,dk DEN,GK,Leicester City,30,1986,33,33,2965,32.9,0,0,0,0,0,3,0,0,0,0,0,0,0,0,0,0,0,0,0,0,0,Matches
Morgan Schneiderlin\Morgan-Schneiderlin,fr FRA,MF,Everton,27,1989,30,24,2130,23.7,0,0,0,0,0,5,2,0,0,0,0,0,0.1,0.1,0.3,0.4,0,0.01,0.02,0,0.02,Matches
Xherdan Shaqiri\Xherdan-Shaqiri,ch SUI,FWMF,Stoke City,25,1991,36,36,3039,33.8,8,7,8,0,1,5,0,0.24,0.21,0.44,0.24,0.44,5.3,4.6,7,11.6,0.16,0.21,0.37,0.13,0.34,Matches
Luke Shaw\Luke-Shaw,eng ENG,DF,Manchester Utd,22,1995,11,8,790,8.8,0,0,0,0,0,2,0,0,0,0,0,0,0.3,0.3,0.4,0.7,0.04,0.04,0.08,0.04,0.08,Matches
Ryan Shawcross\Ryan-Shawcross,eng ENG,DF,Stoke City,29,1987,27,27,2371,26.3,1,1,1,0,0,2,0,0.04,0.04,0.08,0.04,0.08,2.8,2.8,0.1,2.9,0.11,0,0.11,0.11,0.11,Matches
Jonjo Shelvey\Jonjo-Shelvey,eng ENG,MF,Newcastle Utd,25,1992,30,25,2270,25.2,1,3,1,0,0,3,3,0.04,0.12,0.16,0.04,0.16,2.1,2.1,2.3,4.4,0.08,0.09,0.17,0.08,0.17,Matches
Gylfi Sigurðsson\Gylfi-Sigurdsson,is ISL,MFFW,Everton,27,1989,27,25,2259,25.1,4,3,4,0,0,2,0,0.16,0.12,0.28,0.16,0.28,3.1,3.1,4,7,0.12,0.16,0.28,0.12,0.28,Matches
Adrien Silva\Adrien-Silva,pt POR,MFFW,Leicester City,28,1989,12,9,761,8.5,0,1,0,0,0,3,0,0,0.12,0.12,0,0.12,0.3,0.3,0.7,1,0.03,0.09,0.12,0.03,0.12,Matches
Bernardo Silva\Bernardo-Silva,pt POR,FWMF,Manchester City,22,1994,35,15,1533,17,6,4,6,0,0,0,0,0.35,0.23,0.59,0.35,0.59,3.8,3.2,1.6,4.8,0.22,0.1,0.32,0.19,0.28,Matches
David Silva\David-Silva,es ESP,MF,Manchester City,31,1986,29,28,2430,27,9,11,9,0,0,5,0,0.33,0.41,0.74,0.33,0.74,6.5,6.5,7.1,13.7,0.24,0.26,0.51,0.24,0.51,Matches
Danny Simpson\Danny-Simpson,eng ENG,DF,Leicester City,30,1987,28,27,2306,25.6,0,0,0,0,0,4,0,0,0,0,0,0,0.3,0.3,0.2,0.5,0.01,0.01,0.02,0.01,0.02,Matches
Jack Simpson\Jack-Simpson,eng ENG,DF,Bournemouth,20,1996,1,1,71,0.8,0,0,0,0,0,0,0,0,0,0,0,0,0,0,0,0,0,0,0,0,0,Matches
Josh Sims\Josh-Sims,eng ENG,FWMF,Southampton,20,1997,6,1,163,1.8,0,0,0,0,0,0,0,0,0,0,0,0,1.1,1.1,0.1,1.2,0.61,0.06,0.68,0.61,0.68,Matches
Jerome Sinclair\Jerome-Sinclair,eng ENG,MFFW,Watford,20,1996,4,0,31,0.3,0,0,0,0,0,0,0,0,0,0,0,0,0,0,0,0,0,0.14,0.14,0,0.14,Matches
Moussa Sissoko\Moussa-Sissoko,fr FRA,MFFW,Tottenham,27,1989,32,15,1386,15.4,1,1,1,0,0,3,0,0.06,0.06,0.13,0.06,0.13,3.2,3.2,2.4,5.6,0.21,0.15,0.36,0.21,0.36,Matches
Islam Slimani\Islam-Slimani,dz ALG,FW,Leicester City,29,1988,12,2,249,2.8,1,1,1,0,0,0,0,0.36,0.36,0.72,0.36,0.72,1.2,1.2,0.1,1.2,0.42,0.03,0.45,0.42,0.45,Matches
Islam Slimani\Islam-Slimani,dz ALG,FW,Newcastle Utd,29,1988,4,1,132,1.5,0,0,0,0,0,1,0,0,0,0,0,0,0,0,0.4,0.4,0,0.26,0.26,0,0.26,Matches
Chris Smalling\Chris-Smalling,eng ENG,DF,Manchester Utd,27,1989,29,28,2536,28.2,4,0,4,0,0,4,0,0.14,0,0.14,0.14,0.14,3.2,3.2,0.5,3.7,0.11,0.02,0.13,0.11,0.13,Matches
Adam Smith\Adam-Smith,eng ENG,DFMF,Bournemouth,26,1991,27,22,2071,23,1,3,1,0,0,6,0,0.04,0.13,0.17,0.04,0.17,0.5,0.5,1.3,1.8,0.02,0.06,0.08,0.02,0.08,Matches
Tommy Smith\Tommy-Smith,eng ENG,DF,Huddersfield,25,1992,24,21,1904,21.2,0,1,0,0,0,7,0,0,0.05,0.05,0,0.05,0.2,0.2,1.8,1.9,0.01,0.08,0.09,0.01,0.09,Matches
Cédric Soares\Cedric-Soares,pt POR,DF,Southampton,25,1991,32,32,2794,31,0,3,0,0,0,3,0,0,0.1,0.1,0,0.1,0.7,0.7,3.1,3.8,0.02,0.1,0.12,0.02,0.12,Matches
Ramadan Sobhi\Ramadan-Sobhi,eg EGY,MFFW,Stoke City,20,1997,24,12,1238,13.8,2,0,2,0,0,2,0,0.15,0,0.15,0.15,0.15,1.8,1.8,1.2,3.1,0.13,0.09,0.22,0.13,0.22,Matches
Dominic Solanke\Dominic-Solanke,eng ENG,FW,Liverpool,19,1997,21,5,596,6.6,1,1,1,0,0,0,0,0.15,0.15,0.3,0.15,0.3,2.9,2.9,2,4.9,0.44,0.3,0.74,0.44,0.74,Matches
Pape Souaré\Pape-Souare,sn SEN,DF,Crystal Palace,27,1990,1,0,9,0.1,0,0,0,0,0,0,0,0,0,0,0,0,0,0,0,0,0,0,0,0,0,Matches
Julián Speroni\Julian-Speroni,ar ARG,GK,Crystal Palace,38,1979,11,11,990,11,0,0,0,0,0,0,0,0,0,0,0,0,0,0,0,0,0,0,0,0,0,Matches
Kostas Stafylidis\Kostas-Stafylidis,gr GRE,DFMF,Stoke City,23,1993,5,4,335,3.7,0,0,0,0,0,0,0,0,0,0,0,0,0.1,0.1,0,0.1,0.02,0.01,0.03,0.02,0.03,Matches
Junior Stanislas\Junior-Stanislas,eng ENG,MFFW,Bournemouth,27,1989,19,17,1286,14.3,5,2,4,1,1,1,0,0.35,0.14,0.49,0.28,0.42,3.6,2.8,2.2,5,0.25,0.15,0.4,0.2,0.35,Matches
Dale Stephens\Dale-Stephens,eng ENG,MF,Brighton,28,1989,36,36,3240,36,0,3,0,0,0,6,0,0,0.08,0.08,0,0.08,1,1,2,3,0.03,0.06,0.08,0.03,0.08,Matches
Jack Stephens\Jack-Stephens,eng ENG,DF,Southampton,23,1994,22,22,1980,22,2,0,2,0,0,6,1,0.09,0,0.09,0.09,0.09,1.4,1.4,0.1,1.5,0.07,0,0.07,0.07,0.07,Matches
Raheem Sterling\Raheem-Sterling,eng ENG,FW,Manchester City,22,1994,33,29,2587,28.7,18,11,17,1,1,4,2,0.63,0.38,1.01,0.59,0.97,17.3,16.2,6.4,22.7,0.6,0.22,0.82,0.57,0.79,Matches
John Stones\John-Stones,eng ENG,DF,Manchester City,23,1994,18,16,1302,14.5,0,0,0,0,0,0,0,0,0,0,0,0,1.3,1.3,0,1.3,0.09,0,0.09,0.09,0.09,Matches
Daniel Sturridge\Daniel-Sturridge,eng ENG,FW,Liverpool,27,1989,9,5,431,4.8,2,1,2,0,0,0,0,0.42,0.21,0.63,0.42,0.63,2.4,2.4,0.9,3.4,0.51,0.2,0.71,0.51,0.71,Matches
Daniel Sturridge\Daniel-Sturridge,eng ENG,FW,West Brom,27,1989,6,2,118,1.3,0,0,0,0,0,0,0,0,0,0,0,0,0.6,0.6,0,0.7,0.49,0.03,0.53,0.49,0.53,Matches
Ki Sung-yueng\Ki-Sung-yueng,kr KOR,MF,Swansea City,28,1989,25,21,1868,20.8,2,2,2,0,0,2,0,0.1,0.1,0.19,0.1,0.19,0.9,0.9,1.7,2.5,0.04,0.08,0.12,0.04,0.12,Matches
Andrew Surman\Andrew-Surman,eng ENG,MF,Bournemouth,30,1986,25,20,1856,20.6,2,5,2,0,0,2,0,0.1,0.24,0.34,0.1,0.34,1.1,1.1,1.5,2.6,0.05,0.07,0.13,0.05,0.13,Matches
Markus Suttner\Markus-Suttner,at AUT,DF,Brighton,30,1987,14,13,1179,13.1,0,0,0,0,0,0,0,0,0,0,0,0,0.1,0.1,0.5,0.6,0.01,0.04,0.04,0.01,0.04,Matches
Lasse Sørensen\Lasse-Sorensen,dk DEN,MF,Stoke City,17,1999,1,1,75,0.8,0,0,0,0,0,0,0,0,0,0,0,0,0,0,0.2,0.2,0,0.28,0.28,0,0.28,Matches
Alexander Sørloth\Alexander-Sorloth,no NOR,FW,Crystal Palace,21,1995,4,4,360,4,0,0,0,0,0,0,0,0,0,0,0,0,0.4,0.4,0.5,0.9,0.1,0.12,0.22,0.1,0.22,Matches
Dušan Tadi?\Dusan-Tadic,rs SRB,MFFW,Southampton,28,1988,36,34,2791,31,6,3,5,1,1,4,0,0.19,0.1,0.29,0.16,0.26,4.4,3.7,6.7,10.3,0.14,0.21,0.36,0.12,0.33,Matches
Matt Targett\Matt-Targett,eng ENG,DF,Southampton,21,1995,2,2,166,1.8,0,0,0,0,0,0,0,0,0,0,0,0,0,0,0.2,0.2,0,0.11,0.11,0,0.11,Matches
James Tarkowski\James-Tarkowski,eng ENG,DF,Burnley,24,1992,31,31,2790,31,0,0,0,0,0,5,0,0,0,0,0,0,0.9,0.9,0.9,1.8,0.03,0.03,0.06,0.03,0.06,Matches
Charlie Taylor\Charlie-Taylor,eng ENG,DF,Burnley,23,1993,11,10,950,10.6,0,0,0,0,0,3,0,0,0,0,0,0,0,0,0.2,0.2,0,0.02,0.02,0,0.02,Matches
James Tomkins\James-Tomkins,eng ENG,DF,Crystal Palace,28,1989,28,27,2387,26.5,3,0,3,0,0,8,0,0.11,0,0.11,0.11,0.11,2,2,0.2,2.3,0.08,0.01,0.09,0.08,0.09,Matches
Cenk Tosun\Cenk-Tosun,tr TUR,FW,Everton,26,1991,14,12,986,11,5,0,5,0,0,0,0,0.46,0,0.46,0.46,0.46,2.4,2.4,1.2,3.6,0.22,0.11,0.33,0.22,0.33,Matches
Yaya Touré\Yaya-Toure,ci CIV,MF,Manchester City,34,1983,10,1,236,2.6,0,2,0,0,0,1,0,0,0.76,0.76,0,0.76,0.3,0.3,0.8,1.1,0.11,0.29,0.4,0.11,0.4,Matches
Andros Townsend\Andros-Townsend,eng ENG,FWMF,Crystal Palace,26,1991,36,35,3120,34.7,2,7,2,0,0,3,0,0.06,0.2,0.26,0.06,0.26,3.2,3.2,6.1,9.3,0.09,0.18,0.27,0.09,0.27,Matches
Kieran Trippier\Kieran-Trippier,eng ENG,DFMF,Tottenham,26,1990,24,21,1914,21.3,0,5,0,0,0,1,0,0,0.24,0.24,0,0.24,0.2,0.2,3.2,3.5,0.01,0.15,0.16,0.01,0.16,Matches
Axel Tuanzebe\Axel-Tuanzebe,eng ENG,FW,Manchester Utd,19,1997,1,0,1,0,0,0,0,0,0,0,0,0,0,0,0,0,0,0,0,0,0,0,0,0,0,Matches
Josh Tymon\Josh-Tymon,eng ENG,DF,Stoke City,18,1999,3,2,163,1.8,0,0,0,0,0,0,0,0,0,0,0,0,0,0,0,0,0,0,0,0,0,Matches
Leonardo Ulloa\Leonardo-Ulloa,ar ARG,FW,Leicester City,31,1986,4,0,22,0.2,0,0,0,0,0,0,0,0,0,0,0,0,0,0,0,0,0.11,0,0.11,0.11,0.11,Matches
Leonardo Ulloa\Leonardo-Ulloa,ar ARG,FW,Brighton,31,1986,10,2,267,3,1,0,1,0,0,0,0,0.34,0,0.34,0.34,0.34,0.4,0.4,0.3,0.7,0.15,0.09,0.23,0.15,0.23,Matches
Antonio Valencia\Antonio-Valencia,ec ECU,DF,Manchester Utd,31,1985,31,31,2740,30.4,3,1,3,0,0,7,0,0.1,0.03,0.13,0.1,0.13,0.5,0.5,1.8,2.3,0.02,0.06,0.07,0.02,0.07,Matches
Jamie Vardy\Jamie-Vardy,eng ENG,FW,Leicester City,30,1987,37,37,3247,36.1,20,1,15,5,6,3,0,0.55,0.03,0.58,0.42,0.44,15.7,11.1,2.7,13.8,0.43,0.07,0.51,0.31,0.38,Matches
Jan Vertonghen\Jan-Vertonghen,be BEL,DF,Tottenham,30,1987,36,36,3203,35.6,0,0,0,0,0,4,0,0,0,0,0,0,0.9,0.9,0.9,1.8,0.03,0.03,0.05,0.03,0.05,Matches
Nikola Vlaši?\Nikola-Vlasic,hr CRO,FWMF,Everton,19,1997,12,7,576,6.4,0,0,0,0,0,0,0,0,0,0,0,0,0.4,0.4,0.6,1,0.07,0.1,0.16,0.07,0.16,Matches
Sam Vokes\Sam-Vokes,wal WAL,FW,Burnley,27,1989,30,7,998,11.1,4,1,4,0,0,3,0,0.36,0.09,0.45,0.36,0.45,3.3,3.3,0.7,4,0.3,0.06,0.36,0.3,0.36,Matches
Michel Vorm\Michel-Vorm,nl NED,GK,Tottenham,33,1983,1,1,90,1,0,0,0,0,0,0,0,0,0,0,0,0,0,0,0,0,0,0,0,0,0,Matches
Molla Wagué\Molla-Wague,ml MLI,DF,Watford,26,1991,6,5,438,4.9,1,0,1,0,0,0,0,0.21,0,0.21,0.21,0.21,0.8,0.8,0,0.8,0.17,0,0.17,0.17,0.17,Matches
Theo Walcott\Theo-Walcott,eng ENG,FWMF,Everton,28,1989,14,13,1152,12.8,3,3,3,0,0,2,0,0.23,0.23,0.47,0.23,0.47,3,3,1.6,4.6,0.23,0.12,0.36,0.23,0.36,Matches
Theo Walcott\Theo-Walcott,eng ENG,MFFW,Arsenal,28,1989,6,0,69,0.8,0,0,0,0,0,0,0,0,0,0,0,0,0,0,0,0,0,0,0,0,0,Matches
Kyle Walker\Kyle-Walker,eng ENG,DF,Manchester City,27,1990,32,32,2785,30.9,0,6,0,0,0,3,2,0,0.19,0.19,0,0.19,0.8,0.8,4.7,5.6,0.03,0.15,0.18,0.03,0.18,Matches
Kyle Walker-Peters\Kyle-Walker-Peters,eng ENG,DF,Tottenham,20,1997,3,2,189,2.1,0,2,0,0,0,0,0,0,0.95,0.95,0,0.95,0,0,1.5,1.5,0,0.71,0.71,0,0.71,Matches
Jonathan Walters\Jonathan-Walters,ie IRL,FW,Burnley,33,1983,3,0,39,0.4,0,0,0,0,0,0,0,0,0,0,0,0,0.2,0.2,0,0.2,0.38,0,0.38,0.38,0.38,Matches
Aaron Wan-Bissaka\Aaron-Wan-Bissaka,eng ENG,DF,Crystal Palace,19,1997,7,7,627,7,0,0,0,0,0,1,0,0,0,0,0,0,0,0,0.4,0.4,0,0.06,0.06,0,0.06,Matches
Victor Wanyama\Victor-Wanyama,ke KEN,MF,Tottenham,26,1991,18,8,846,9.4,1,0,1,0,0,2,0,0.11,0,0.11,0.11,0.11,0.5,0.5,0.1,0.6,0.05,0.01,0.06,0.05,0.06,Matches
Joel Ward\Joel-Ward,eng ENG,DF,Crystal Palace,27,1989,19,19,1613,17.9,0,1,0,0,0,4,0,0,0.06,0.06,0,0.06,0.3,0.3,1.2,1.5,0.02,0.06,0.08,0.02,0.08,Matches
Stephen Ward\Stephen-Ward,ie IRL,DF,Burnley,31,1985,28,28,2460,27.3,1,1,1,0,0,1,0,0.04,0.04,0.07,0.04,0.07,0.3,0.3,2.1,2.4,0.01,0.08,0.09,0.01,0.09,Matches
James Ward-Prowse\James-Ward-Prowse,eng ENG,FWMF,Southampton,22,1994,30,20,1716,19.1,3,3,3,0,0,3,0,0.16,0.16,0.31,0.16,0.31,2.1,2.1,2.8,5,0.11,0.15,0.26,0.11,0.26,Matches
Ben Watson\Ben-Watson,eng ENG,MF,Watford,32,1985,8,6,456,5.1,0,0,0,0,0,1,0,0,0,0,0,0,0,0,0.1,0.2,0,0.03,0.03,0,0.03,Matches
Danny Welbeck\Danny-Welbeck,eng ENG,FWMF,Arsenal,26,1990,28,12,1194,13.3,5,2,5,0,0,1,0,0.38,0.15,0.53,0.38,0.53,4.4,4.4,1.1,5.5,0.33,0.08,0.42,0.33,0.42,Matches
Nahki Wells\Nahki-Wells,bm BER,FW,Burnley,27,1990,9,0,55,0.6,0,0,0,0,0,0,0,0,0,0,0,0,0.5,0.5,0,0.5,0.74,0,0.74,0.74,0.74,Matches
Ashley Westwood\Ashley-Westwood,eng ENG,MF,Burnley,27,1990,19,12,1111,12.3,0,1,0,0,0,2,0,0,0.08,0.08,0,0.08,0.8,0.8,0.6,1.4,0.06,0.05,0.11,0.06,0.11,Matches
Dean Whitehead\Dean-Whitehead,eng ENG,MF,Huddersfield,35,1982,4,0,71,0.8,0,0,0,0,0,0,0,0,0,0,0,0,0,0,0,0,0,0,0,0,0,Matches
Georginio Wijnaldum\Georginio-Wijnaldum,nl NED,MF,Liverpool,26,1990,33,27,2387,26.5,1,2,1,0,0,1,0,0.04,0.08,0.11,0.04,0.11,2.4,2.4,1.3,3.8,0.09,0.05,0.14,0.09,0.14,Matches
Ashley Williams\Ashley-Williams,wal WAL,DF,Everton,32,1984,24,20,1834,20.4,1,0,1,0,0,3,1,0.05,0,0.05,0.05,0.05,0.7,0.7,0,0.8,0.04,0,0.04,0.04,0.04,Matches
Danny Williams\Danny-Williams,us USA,MF,Huddersfield,28,1989,20,11,1124,12.5,0,0,0,0,0,2,0,0,0,0,0,0,0.3,0.3,0.5,0.8,0.03,0.04,0.07,0.03,0.07,Matches
Willian\Willian,br BRA,FWMF,Chelsea,28,1988,36,20,1890,21,6,7,5,1,1,1,0,0.29,0.33,0.62,0.24,0.57,4.9,4.1,5.3,9.4,0.23,0.25,0.48,0.2,0.45,Matches
Joe Willock\Joe-Willock,eng ENG,MF,Arsenal,17,1999,2,1,82,0.9,0,0,0,0,0,0,0,0,0,0,0,0,0.2,0.2,0,0.2,0.22,0,0.22,0.22,0.22,Matches
Jack Wilshere\Jack-Wilshere,eng ENG,MF,Arsenal,25,1992,20,12,1193,13.3,1,3,1,0,0,6,0,0.08,0.23,0.3,0.08,0.3,1.1,1.1,2.3,3.4,0.08,0.17,0.25,0.08,0.25,Matches
Callum Wilson\Callum-Wilson,eng ENG,FW,Bournemouth,25,1992,28,23,1981,22,8,2,8,0,0,0,0,0.36,0.09,0.45,0.36,0.45,7.6,7.6,1.7,9.3,0.34,0.08,0.42,0.34,0.42,Matches
Kevin Wimmer\Kevin-Wimmer,at AUT,DF,Stoke City,24,1992,17,14,1323,14.7,0,0,0,0,0,5,0,0,0,0,0,0,0.1,0.1,0.1,0.1,0,0.01,0.01,0,0.01,Matches
Harry Winks\Harry-Winks,eng ENG,MF,Tottenham,21,1996,16,9,774,8.6,0,1,0,0,0,0,0,0,0.12,0.12,0,0.12,0.1,0.1,0.5,0.6,0.01,0.06,0.07,0.01,0.07,Matches
Chris Wood\Chris-Wood,nz NZL,FW,Burnley,25,1991,24,20,1624,18,10,1,10,0,0,1,0,0.55,0.06,0.61,0.55,0.61,6.8,6.8,0.8,7.6,0.38,0.04,0.42,0.38,0.42,Matches
Ben Woodburn\Ben-Woodburn,wal WAL,MF,Liverpool,17,1999,1,0,7,0.1,0,0,0,0,0,0,0,0,0,0,0,0,0,0,0,0,0,0,0,0,0,Matches
Granit Xhaka\Granit-Xhaka,ch SUI,MF,Arsenal,24,1992,38,37,3260,36.2,1,7,1,0,0,10,0,0.03,0.19,0.22,0.03,0.22,2,2,3.9,5.9,0.06,0.11,0.16,0.06,0.16,Matches
Claudio Yacob\Claudio-Yacob,ar ARG,MF,West Brom,30,1987,16,9,903,10,0,0,0,0,0,5,0,0,0,0,0,0,0.3,0.3,0,0.4,0.03,0,0.04,0.03,0.04,Matches
DeAndre Yedlin\DeAndre-Yedlin,us USA,DF,Newcastle Utd,24,1993,34,31,2845,31.6,0,2,0,0,0,5,0,0,0.06,0.06,0,0.06,0.2,0.2,1.9,2,0.01,0.06,0.06,0.01,0.06,Matches
Maya Yoshida\Maya-Yoshida,jp JPN,DF,Southampton,28,1988,24,23,2051,22.8,2,0,2,0,0,3,2,0.09,0,0.09,0.09,0.09,1.8,1.8,0.5,2.2,0.08,0.02,0.1,0.08,0.1,Matches
Ashley Young\Ashley-Young,eng ENG,DF,Manchester Utd,32,1985,30,28,2442,27.1,2,4,2,0,0,7,0,0.07,0.15,0.22,0.07,0.22,0.8,0.8,3,3.8,0.03,0.11,0.14,0.03,0.14,Matches
Pablo Zabaleta\Pablo-Zabaleta,ar ARG,DFMF,West Ham,32,1985,37,37,3289,36.5,0,1,0,0,0,9,0,0,0.03,0.03,0,0.03,0.5,0.5,1.1,1.7,0.01,0.03,0.05,0.01,0.05,Matches
Wilfried Zaha\Wilfried-Zaha,ci CIV,FW,Crystal Palace,24,1992,29,28,2549,28.3,9,3,8,1,1,5,0,0.32,0.11,0.42,0.28,0.39,9.7,8.9,4.7,13.7,0.34,0.17,0.51,0.32,0.48,Matches
Davide Zappacosta\Davide-Zappacosta,it ITA,DFMF,Chelsea,25,1992,22,12,1098,12.2,1,1,1,0,0,0,0,0.08,0.08,0.16,0.08,0.16,1.5,1.5,1.7,3.3,0.12,0.14,0.27,0.12,0.27,Matches
Marvin Zeegelaar\Marvin-Zeegelaar,nl NED,DFMF,Watford,26,1990,12,12,994,11,0,1,0,0,0,4,1,0,0.09,0.09,0,0.09,0,0,0.6,0.6,0,0.05,0.05,0,0.05,Matches
Oleksandr Zinchenko\Oleksandr-Zinchenko,ua UKR,DF,Manchester City,20,1996,8,6,532,5.9,0,0,0,0,0,1,0,0,0,0,0,0,0.1,0.1,0.4,0.4,0.01,0.06,0.07,0.01,0.07,Matches
Kurt Zouma\Kurt-Zouma,fr FRA,DF,Stoke City,22,1994,34,32,2888,32.1,1,0,1,0,0,1,0,0.03,0,0.03,0.03,0.03,1,1,0.9,1.9,0.03,0.03,0.06,0.03,0.06,Matches
