Player,Nation,Pos,Squad,Age,Born,MP,Starts,Min,90s,Gls,Ast,G-PK,PK,PKatt,CrdY,CrdR,Gls,Ast,G+A,G-PK,G+A-PK,Matches
Antonio Adán\Antonio-Adan,es ESP,GK,Atlético Madrid,31,1987,1,1,90,1,0,0,0,0,0,1,0,0,0,0,0,0,Matches
Aday\Aday,es ESP,DFMF,Girona,30,1987,10,8,645,7.2,0,2,0,0,0,2,0,0,0.28,0.28,0,0.28,Matches
Aritz Aduriz\Aritz-Aduriz,es ESP,FW,Athletic Club,37,1981,20,10,943,10.5,2,0,0,2,2,5,0,0.19,0,0.19,0,0,Matches
Luis Advíncula\Luis-Advincula,pe PER,DF,Rayo Vallecano,28,1990,28,27,2389,26.5,1,3,1,0,0,6,2,0.04,0.11,0.15,0.04,0.15,Matches
Martin Agirregabiria\Martin-Agirregabiria,es ESP,DF,Alavés,22,1996,27,23,2032,22.6,0,0,0,0,0,4,0,0,0,0,0,0,Matches
Juan Aguilera\Juan-Aguilera,es ESP,MF,Huesca,32,1985,6,4,344,3.8,0,0,0,0,0,1,0,0,0,0,0,0,Matches
Carlos Akapo\Carlos-Akapo,gq EQG,DF,Huesca,25,1993,13,12,1023,11.4,0,0,0,0,0,2,0,0,0,0,0,0,Matches
Sergio Akieme\Sergio-Akieme,es ESP,DF,Rayo Vallecano,20,1997,2,2,180,2,0,1,0,0,0,0,0,0,0.5,0.5,0,0.5,Matches
Jordi Alba\Jordi-Alba,es ESP,DF,Barcelona,29,1989,36,32,2991,33.2,2,8,2,0,0,6,0,0.06,0.24,0.3,0.06,0.3,Matches
Pedro Alcalá\Pedro-Alcala,es ESP,DF,Girona,29,1989,25,20,1868,20.8,1,1,1,0,0,9,0,0.05,0.05,0.1,0.05,0.1,Matches
Rubén Alcaraz\Ruben-Alcaraz,es ESP,MF,Valladolid,27,1991,34,34,2976,33.1,3,2,3,0,1,13,0,0.09,0.06,0.15,0.09,0.15,Matches
Álex Alegría\Alex-Alegria,es ESP,FWMF,Rayo Vallecano,25,1992,9,0,140,1.6,0,0,0,0,0,0,0,0,0,0,0,0,Matches
Iván Alejo\Ivan-Alejo,es ESP,MFFW,Getafe,23,1995,4,2,146,1.6,0,0,0,0,0,2,1,0,0,0,0,0,Matches
Carles Aleñá\Carles-Alena,es ESP,MF,Barcelona,20,1998,17,6,637,7.1,2,0,2,0,0,2,0,0.28,0,0.28,0.28,0.28,Matches
Alexander\Alexander,ar ARG,DF,Leganés,29,1988,1,0,10,0.1,0,0,0,0,0,0,0,0,0,0,0,0,Matches
Júnior Alonso\Junior-Alonso,py PAR,DFMF,Celta Vigo,25,1993,9,6,536,6,0,0,0,0,0,2,0,0,0,0,0,0,Matches
Sergio Álvarez\Sergio-Alvarez,es ESP,MFDF,Eibar,26,1992,19,12,1069,11.9,0,0,0,0,0,1,0,0,0,0,0,0,Matches
Sergio Álvarez\Sergio-Alvarez,es ESP,GK,Celta Vigo,31,1986,13,13,1170,13,0,0,0,0,0,1,0,0,0,0,0,0,Matches
Yeray Álvarez\Yeray-Alvarez,es ESP,DF,Athletic Club,23,1995,30,30,2613,29,0,0,0,0,0,10,0,0,0,0,0,0,Matches
Ibrahim Amadou\Ibrahim-Amadou,fr FRA,MFDF,Sevilla,25,1993,17,7,762,8.5,0,0,0,0,0,2,0,0,0,0,0,0,Matches
Jordi Amat\Jordi-Amat,es ESP,DF,Rayo Vallecano,26,1992,31,31,2763,30.7,0,0,0,0,0,9,0,0,0,0,0,0,Matches
Amath\Amath,sn SEN,MFFW,Getafe,22,1996,15,13,1002,11.1,1,2,1,0,0,4,0,0.09,0.18,0.27,0.09,0.27,Matches
Miguel Ángel Moyá\Miguel-Angel-Moya,es ESP,GK,Real Sociedad,34,1984,11,11,990,11,0,0,0,0,0,1,0,0,0,0,0,0,Matches
José Ángel\Jose-Angel,es ESP,DF,Eibar,28,1989,35,34,3028,33.6,1,1,1,0,0,10,0,0.03,0.03,0.06,0.03,0.06,Matches
Antoñito\Antonito,es ESP,DFMF,Valladolid,30,1987,30,18,1863,20.7,2,1,2,0,0,5,0,0.1,0.05,0.14,0.1,0.14,Matches
Vitorino Antunes\Vitorino-Antunes,pt POR,DF,Getafe,31,1987,28,25,2181,24.2,1,3,1,0,0,5,0,0.04,0.12,0.17,0.04,0.17,Matches
Anuar\Anuar,ma MAR,MF,Valladolid,23,1995,19,12,1081,12,1,0,1,0,0,6,0,0.08,0,0.08,0.08,0.08,Matches
Emmanuel Apeh\Emmanuel-Apeh,ng NGA,MF,Celta Vigo,21,1996,2,0,14,0.2,0,0,0,0,0,0,0,0,0,0,0,0,Matches
Mauro Arambarri\Mauro-Arambarri,uy URU,MF,Getafe,22,1995,33,32,2676,29.7,1,2,1,0,0,8,0,0.03,0.07,0.1,0.03,0.1,Matches
Guilherme Arana\Guilherme-Arana,br BRA,MFDF,Sevilla,21,1997,9,8,629,7,0,0,0,0,0,3,0,0,0,0,0,0,Matches
Néstor Araujo\Nestor-Araujo,mx MEX,DF,Celta Vigo,26,1991,32,30,2682,29.8,3,0,3,0,0,3,1,0.1,0,0.1,0.1,0.1,Matches
Anaitz Arbilla\Anaitz-Arbilla,es ESP,DF,Eibar,31,1987,25,22,1950,21.7,1,2,1,0,0,6,1,0.05,0.09,0.14,0.05,0.14,Matches
Santiago Arias\Santiago-Arias,co COL,DF,Atlético Madrid,26,1992,25,20,1772,19.7,1,1,1,0,0,4,0,0.05,0.05,0.1,0.05,0.1,Matches
José Arnaiz\Jose-Arnaiz,es ESP,DFMF,Leganés,23,1995,6,0,113,1.3,0,0,0,0,0,0,0,0,0,0,0,0,Matches
Sergio Asenjo\Sergio-Asenjo,es ESP,GK,Villarreal,29,1989,32,32,2880,32,0,0,0,0,0,0,0,0,0,0,0,0,Matches
Marco Asensio\Marco-Asensio,es ESP,FW,Real Madrid,22,1996,30,19,1779,19.8,1,4,1,0,0,3,0,0.05,0.2,0.25,0.05,0.25,Matches
Iago Aspas\Iago-Aspas,es ESP,FW,Celta Vigo,30,1987,27,26,2251,25,20,6,15,5,5,5,0,0.8,0.24,1.04,0.6,0.84,Matches
Ezequiel Ávila\Ezequiel-Avila,ar ARG,FWMF,Huesca,24,1994,34,20,1997,22.2,10,2,9,1,1,12,1,0.45,0.09,0.54,0.41,0.5,Matches
Abdoulaye Ba\Abdoulaye-Ba,sn SEN,DF,Rayo Vallecano,27,1991,26,25,2110,23.4,1,0,1,0,0,4,2,0.04,0,0.04,0.04,0.04,Matches
Carlos Bacca\Carlos-Bacca,co COL,FW,Villarreal,31,1986,33,12,1270,14.1,6,1,5,1,1,3,0,0.43,0.07,0.5,0.35,0.43,Matches
Gareth Bale\Gareth-Bale,wal WAL,FW,Real Madrid,29,1989,29,21,1786,19.8,8,3,7,1,1,4,0,0.4,0.15,0.55,0.35,0.5,Matches
Mikel Balenziaga\Mikel-Balenziaga,es ESP,DF,Athletic Club,30,1988,11,6,523,5.8,0,0,0,0,0,0,0,0,0,0,0,0,Matches
Éver Banega\Ever-Banega,ar ARG,MF,Sevilla,30,1988,32,32,2667,29.6,3,5,1,2,2,17,2,0.1,0.17,0.27,0.03,0.2,Matches
Léo Baptistão\Leo-Baptistao,br BRA,FWMF,Espanyol,25,1992,20,14,1233,13.7,2,2,1,1,1,3,0,0.15,0.15,0.29,0.07,0.22,Matches
Enis Bardhi\Enis-Bardhi,mk MKD,MF,Levante,23,1995,36,31,2836,31.5,3,4,3,0,0,6,0,0.1,0.13,0.22,0.1,0.22,Matches
Antonio Barragán\Antonio-Barragan,es ESP,DFMF,Betis,31,1987,14,12,934,10.4,0,0,0,0,0,4,0,0,0,0,0,0,Matches
Ander Barrenetxea\Ander-Barrenetxea,es ESP,FWMF,Real Sociedad,16,2001,9,5,399,4.4,1,0,1,0,0,0,0,0.23,0,0.23,0.23,0.23,Matches
Marc Bartra\Marc-Bartra,es ESP,DF,Betis,27,1991,33,33,2928,32.5,1,0,1,0,0,4,0,0.03,0,0.03,0.03,0.03,Matches
Borja Bastón\Borja-Baston,es ESP,FW,Alavés,25,1992,27,18,1439,16,5,1,5,0,0,4,0,0.31,0.06,0.38,0.31,0.38,Matches
Michy Batshuayi\Michy-Batshuayi,be BEL,FW,Valencia,24,1993,15,4,527,5.9,1,0,1,0,0,3,0,0.17,0,0.17,0.17,0.17,Matches
Jon Bautista\Jon-Bautista,es ESP,FW,Real Sociedad,23,1995,18,4,597,6.6,1,0,1,0,0,1,0,0.15,0,0.15,0.15,0.15,Matches
Bebé\Bebe,pt POR,FWMF,Rayo Vallecano,28,1990,27,13,1302,14.5,1,1,1,0,0,6,0,0.07,0.07,0.14,0.07,0.14,Matches
Bebé\Bebe,pt POR,MF,Eibar,28,1990,2,1,62,0.7,0,0,0,0,0,0,0,0,0,0,0,0,Matches
Fran Beltrán\Fran-Beltran,es ESP,MF,Celta Vigo,19,1999,30,16,1517,16.9,1,0,1,0,0,3,0,0.06,0,0.06,0.06,0.06,Matches
Wissam Ben Yedder\Wissam-Ben-Yedder,fr FRA,FW,Sevilla,27,1990,35,31,2812,31.2,18,9,16,2,2,3,0,0.58,0.29,0.86,0.51,0.8,Matches
Karim Benzema\Karim-Benzema,fr FRA,FW,Real Madrid,30,1987,36,35,2953,32.8,21,6,18,3,3,1,0,0.64,0.18,0.82,0.55,0.73,Matches
Yuri Berchiche\Yuri-Berchiche,es ESP,DFFW,Athletic Club,28,1990,35,35,3120,34.7,2,2,2,0,0,8,0,0.06,0.06,0.12,0.06,0.12,Matches
Markel Bergara\Markel-Bergara,es ESP,MF,Getafe,32,1986,3,0,53,0.6,0,0,0,0,0,0,0,0,0,0,0,0,Matches
Pedro Bigas\Pedro-Bigas,es ESP,DF,Eibar,27,1990,10,7,585,6.5,0,1,0,0,0,1,0,0,0.15,0.15,0,0.15,Matches
Alejandro Blanco\Alejandro-Blanco,es ESP,FWMF,Alavés,19,1998,2,0,16,0.2,0,0,0,0,0,0,0,0,0,0,0,0,Matches
Rubén Blanco\Ruben-Blanco,es ESP,GK,Celta Vigo,23,1995,25,25,2250,25,0,0,0,0,0,2,0,0,0,0,0,0,Matches
Pablo de Blasis\Pablo-de-Blasis,ar ARG,DFMF,Eibar,30,1988,24,16,1520,16.9,2,0,2,0,0,2,1,0.12,0,0.12,0.12,0.12,Matches
Emmanuel Boateng\Emmanuel-Boateng,gh GHA,FW,Levante,22,1996,16,7,699,7.8,1,0,1,0,0,2,0,0.13,0,0.13,0.13,0.13,Matches
Kevin-Prince Boateng\Kevin-Prince-Boateng,gh GHA,FW,Barcelona,31,1987,3,3,239,2.7,0,0,0,0,0,1,0,0,0,0,0,0,Matches
Daniele Bonera\Daniele-Bonera,it ITA,DF,Villarreal,37,1981,5,4,230,2.6,0,0,0,0,0,1,0,0,0,0,0,0,Matches
Ryad Boudebouz\Ryad-Boudebouz,dz ALG,MFFW,Betis,28,1990,9,6,539,6,0,0,0,0,0,1,0,0,0,0,0,0,Matches
Ryad Boudebouz\Ryad-Boudebouz,dz ALG,MF,Celta Vigo,28,1990,11,8,717,8,1,2,1,0,0,2,1,0.13,0.25,0.38,0.13,0.38,Matches
Sofiane Boufal\Sofiane-Boufal,ma MAR,MFFW,Celta Vigo,24,1993,35,25,2085,23.2,3,3,3,0,0,6,0,0.13,0.13,0.26,0.13,0.26,Matches
Yassine Bounou\Yassine-Bounou,ma MAR,GK,Girona,27,1991,32,32,2861,31.8,0,0,0,0,0,2,0,0,0,0,0,0,Matches
Martin Braithwaite\Martin-Braithwaite,dk DEN,FW,Leganés,27,1991,19,16,1402,15.6,4,5,4,0,0,5,0,0.26,0.32,0.58,0.26,0.58,Matches
Darko Brašanac\Darko-Brasanac,rs SRB,MF,Alavés,26,1992,24,17,1580,17.6,0,1,0,0,0,5,0,0,0.06,0.06,0,0.06,Matches
Rajko Brežan?i?\Rajko-Brezancic,rs SRB,DF,Huesca,28,1989,1,0,67,0.7,0,0,0,0,0,0,0,0,0,0,0,0,Matches
Bryan\Bryan,es ESP,MFFW,Sevilla,17,2001,11,0,167,1.9,1,1,1,0,0,0,0,0.54,0.54,1.08,0.54,1.08,Matches
Burgui\Burgui,es ESP,MFFW,Alavés,24,1993,16,5,555,6.2,1,0,1,0,0,1,0,0.16,0,0.16,0.16,0.16,Matches
Sergio Busquets\Sergio-Busquets,es ESP,MF,Barcelona,30,1988,35,30,2715,30.2,0,1,0,0,0,10,0,0,0.03,0.03,0,0.03,Matches
Unai Bustinza\Unai-Bustinza,es ESP,DF,Leganés,26,1992,25,24,2023,22.5,0,1,0,0,0,11,1,0,0.04,0.04,0,0.04,Matches
Erick Cabaco\Erick-Cabaco,uy URU,DF,Levante,23,1995,21,20,1632,18.1,2,0,2,0,0,11,2,0.11,0,0.11,0.11,0.11,Matches
Gustavo Cabral\Gustavo-Cabral,ar ARG,DF,Celta Vigo,32,1985,24,21,1897,21.1,0,0,0,0,0,6,2,0,0,0,0,0,Matches
Leandro Cabrera\Leandro-Cabrera,uy URU,DF,Getafe,27,1991,32,31,2794,31,2,0,2,0,0,11,1,0.06,0,0.06,0.06,0.06,Matches
Jordi Calavera\Jordi-Calavera,es ESP,DF,Eibar,22,1995,1,0,1,0,0,0,0,0,0,0,0,0,0,0,0,0,Matches
Fernando Calero\Fernando-Calero,es ESP,DF,Valladolid,22,1995,36,35,3130,34.8,1,0,1,0,0,7,0,0.03,0,0.03,0.03,0.03,Matches
Jonathan Calleri\Jonathan-Calleri,ar ARG,FW,Alavés,24,1993,34,33,2869,31.9,9,2,7,2,2,6,0,0.28,0.06,0.35,0.22,0.28,Matches
Juanjo Camacho\Juanjo-Camacho,es ESP,MF,Huesca,37,1980,3,0,37,0.4,0,0,0,0,0,0,0,0,0,0,0,0,Matches
Sergio Camello\Sergio-Camello,es ESP,FW,Atlético Madrid,17,2001,1,0,45,0.5,1,0,1,0,0,0,0,2,0,2,2,2,Matches
José Campaña\Jose-Campana,es ESP,MF,Levante,25,1993,36,36,3210,35.7,4,9,4,0,0,11,0,0.11,0.25,0.36,0.11,0.36,Matches
Sergio Canales\Sergio-Canales,es ESP,MFFW,Betis,27,1991,32,30,2655,29.5,7,2,5,2,2,5,0,0.24,0.07,0.31,0.17,0.24,Matches
Ander Capa\Ander-Capa,es ESP,DF,Athletic Club,26,1992,25,17,1642,18.2,0,0,0,0,0,9,0,0,0,0,0,0,Matches
Marc Cardona\Marc-Cardona,es ESP,FWMF,Eibar,23,1995,17,6,604,6.7,3,1,3,0,0,1,0,0.45,0.15,0.6,0.45,0.6,Matches
Daniel Carriço\Daniel-Carrico,pt POR,DF,Sevilla,29,1988,24,24,2130,23.7,1,1,1,0,0,10,0,0.04,0.04,0.08,0.04,0.08,Matches
Guido Carrillo\Guido-Carrillo,ar ARG,FW,Leganés,27,1991,32,23,1992,22.1,6,1,5,1,3,5,0,0.27,0.05,0.32,0.23,0.27,Matches
Dani Carvajal\Dani-Carvajal,es ESP,DF,Real Madrid,26,1992,24,23,2107,23.4,1,2,1,0,0,10,0,0.04,0.09,0.13,0.04,0.13,Matches
William Carvalho\William-Carvalho,pt POR,MF,Betis,26,1992,30,26,2385,26.5,0,5,0,0,0,7,0,0,0.19,0.19,0,0.19,Matches
Casemiro\Casemiro,br BRA,MF,Real Madrid,26,1992,29,27,2312,25.7,3,0,3,0,0,7,1,0.12,0,0.12,0.12,0.12,Matches
Santiago Cáseres\Santiago-Caseres,ar ARG,MF,Villarreal,21,1997,23,17,1588,17.6,0,1,0,0,0,10,0,0,0.06,0.06,0,0.06,Matches
Catena\Catena,es ESP,DF,Rayo Vallecano,23,1994,2,2,176,2,0,0,0,0,0,1,0,0,0,0,0,0,Matches
Santi Cazorla\Santi-Cazorla,es ESP,MFFW,Villarreal,33,1984,35,30,2647,29.4,4,10,2,2,3,2,0,0.14,0.34,0.48,0.07,0.41,Matches
Dani Ceballos\Dani-Ceballos,es ESP,MFFW,Real Madrid,21,1996,23,13,1248,13.9,3,0,3,0,0,3,0,0.22,0,0.22,0.22,0.22,Matches
Charles\Charles,br BRA,FW,Eibar,34,1984,34,17,1739,19.3,14,1,8,6,7,4,0,0.72,0.05,0.78,0.41,0.47,Matches
Chechu\Chechu,es ESP,DF,Rayo Vallecano,36,1982,1,1,90,1,0,0,0,0,0,0,0,0,0,0,0,0,Matches
Chema\Chema,es ESP,DF,Levante,26,1992,19,13,1254,13.9,2,0,2,0,0,7,0,0.14,0,0.14,0.14,0.14,Matches
Denis Cheryshev\Denis-Cheryshev,ru RUS,MFFW,Valencia,27,1990,27,19,1706,19,2,2,2,0,0,2,0,0.11,0.11,0.21,0.11,0.21,Matches
Leandro Chichizola\Leandro-Chichizola,ar ARG,GK,Getafe,28,1990,1,1,90,1,0,0,0,0,0,0,0,0,0,0,0,0,Matches
Samuel Chukwueze\Samuel-Chukwueze,ng NGA,FWMF,Villarreal,19,1999,26,19,1706,19,5,2,5,0,0,2,0,0.26,0.11,0.37,0.26,0.37,Matches
Jasper Cillessen\Jasper-Cillessen,nl NED,GK,Barcelona,29,1989,3,3,270,3,0,0,0,0,0,0,0,0,0,0,0,0,Matches
Coke\Coke,es ESP,DF,Levante,31,1987,27,19,1817,20.2,4,0,4,0,0,5,1,0.2,0,0.2,0.2,0.2,Matches
Álex Collado\Alex-Collado,es ESP,FW,Barcelona,19,1999,1,0,85,0.9,0,0,0,0,0,0,0,0,0,0,0,0,Matches
Santi Comesaña\Santi-Comesana,es ESP,MF,Rayo Vallecano,21,1996,25,23,2032,22.6,1,1,1,0,0,6,0,0.04,0.04,0.09,0.04,0.09,Matches
Duje ?op\Duje-Cop,hr CRO,FW,Valladolid,28,1990,18,6,687,7.6,0,0,0,0,0,2,0,0,0,0,0,0,Matches
Francis Coquelin\Francis-Coquelin,fr FRA,MF,Valencia,27,1991,26,20,1761,19.6,0,1,0,0,0,5,0,0,0.05,0.05,0,0.05,Matches
Iñigo Córdoba\Inigo-Cordoba,es ESP,FW,Athletic Club,21,1997,23,15,1321,14.7,0,4,0,0,0,3,0,0,0.27,0.27,0,0.27,Matches
Ángel Correa\Angel-Correa,ar ARG,MFFW,Atlético Madrid,23,1995,36,20,1919,21.3,3,2,3,0,0,7,1,0.14,0.09,0.23,0.14,0.23,Matches
Diego Costa\Diego-Costa,es ESP,FW,Atlético Madrid,29,1988,16,14,1112,12.4,2,2,2,0,0,4,1,0.16,0.16,0.32,0.16,0.32,Matches
Jaume Costa\Jaume-Costa,es ESP,DF,Villarreal,30,1988,21,18,1495,16.6,1,0,1,0,0,6,0,0.06,0,0.06,0.06,0.06,Matches
David Costas\David-Costas,es ESP,DF,Celta Vigo,23,1995,15,13,1173,13,0,0,0,0,0,4,0,0,0,0,0,0,Matches
Thibaut Courtois\Thibaut-Courtois,be BEL,GK,Real Madrid,26,1992,27,27,2430,27,0,0,0,0,0,2,0,0,0,0,0,0,Matches
Philippe Coutinho\Philippe-Coutinho,br BRA,FWMF,Barcelona,26,1992,34,22,2018,22.4,5,2,5,0,0,2,0,0.22,0.09,0.31,0.22,0.31,Matches
Sebastián Cristóforo\Sebastian-Cristoforo,uy URU,MFFW,Getafe,24,1993,15,4,450,5,0,2,0,0,0,3,0,0,0.4,0.4,0,0.4,Matches
Cucho\Cucho,co COL,FW,Huesca,19,1999,34,25,2150,23.9,4,3,2,2,2,6,0,0.17,0.13,0.29,0.08,0.21,Matches
Marc Cucurella\Marc-Cucurella,es ESP,MFFW,Eibar,20,1998,31,26,2354,26.2,1,2,1,0,0,6,0,0.04,0.08,0.11,0.04,0.11,Matches
Iván Cuéllar\Ivan-Cuellar,es ESP,GK,Leganés,34,1984,34,34,3055,33.9,0,0,0,0,0,5,0,0,0,0,0,0,Matches
Sergi Darder\Sergi-Darder,es ESP,MF,Espanyol,24,1993,34,32,2709,30.1,5,2,5,0,0,8,1,0.17,0.07,0.23,0.17,0.23,Matches
Moisés Delgado\Moises-Delgado,es ESP,DF,Valladolid,24,1994,3,3,270,3,0,0,0,0,0,1,0,0,0,0,0,0,Matches
Ousmane Dembélé\Ousmane-Dembele,fr FRA,FWMF,Barcelona,21,1997,29,20,1661,18.5,8,5,8,0,0,1,0,0.43,0.27,0.7,0.43,0.7,Matches
Franco Di Santo\Franco-Di-Santo,ar ARG,FW,Rayo Vallecano,29,1989,6,1,172,1.9,0,0,0,0,0,1,1,0,0,0,0,0,Matches
Mouctar Diakhaby\Mouctar-Diakhaby,fr FRA,DF,Valencia,21,1996,22,16,1580,17.6,2,0,2,0,0,9,0,0.11,0,0.11,0.11,0.11,Matches
Brahim Díaz\Brahim-Diaz,es ESP,FW,Real Madrid,18,1999,9,5,376,4.2,1,1,1,0,0,0,0,0.24,0.24,0.48,0.24,0.48,Matches
Javier Díaz\Javier-Diaz,es ESP,GK,Sevilla,21,1997,1,1,90,1,0,0,0,0,0,0,0,0,0,0,0,0,Matches
Adrián Diéguez\Adrian-Dieguez,es ESP,DF,Huesca,22,1996,9,8,749,8.3,0,0,0,0,0,3,0,0,0,0,0,0,Matches
Stole Dimitrievski\Stole-Dimitrievski,mk MKD,GK,Rayo Vallecano,24,1993,21,21,1890,21,0,0,0,0,0,3,0,0,0,0,0,0,Matches
Papakouli Diop\Papakouli-Diop,sn SEN,MF,Eibar,32,1986,28,27,2352,26.1,1,1,1,0,0,11,0,0.04,0.04,0.08,0.04,0.08,Matches
Djené\Djene,tg TOG,DF,Getafe,26,1991,34,34,2976,33.1,0,0,0,0,0,13,2,0,0,0,0,0,Matches
Marko Dmitrovi?\Marko-Dmitrovic,rs SRB,GK,Eibar,26,1992,24,24,2160,24,0,0,0,0,0,3,0,0,0,0,0,0,Matches
Jaume Doménech\Jaume-Domenech,es ESP,GK,Valencia,27,1990,4,4,360,4,0,0,0,0,0,0,0,0,0,0,0,0,Matches
Cheick Doukouré\Cheick-Doukoure,ci CIV,MF,Levante,25,1992,9,3,318,3.5,0,0,0,0,0,1,0,0,0,0,0,0,Matches
Seydou Doumbia\Seydou-Doumbia,ci CIV,FW,Girona,30,1987,17,5,541,6,2,0,2,0,0,2,0,0.33,0,0.33,0.33,0.33,Matches
Óscar Duarte\Oscar-Duarte,cr CRC,DFMF,Espanyol,29,1989,11,7,660,7.3,0,0,0,0,0,0,0,0,0,0,0,0,Matches
Rubén Duarte\Ruben-Duarte,es ESP,DF,Alavés,22,1995,33,33,2772,30.8,0,0,0,0,0,10,1,0,0,0,0,0,Matches
Hugo Duro\Hugo-Duro,es ESP,MFFW,Getafe,18,1999,11,5,417,4.6,0,0,0,0,0,0,0,0,0,0,0,0,Matches
Raphael Dwamena\Raphael-Dwamena,gh GHA,FW,Levante,22,1995,12,1,222,2.5,0,1,0,0,0,0,0,0,0.41,0.41,0,0.41,Matches
Dennis Eckert\Dennis-Eckert,de GER,FW,Celta Vigo,21,1997,9,1,216,2.4,0,0,0,0,0,0,0,0,0,0,0,0,Matches
Aritz Elustondo\Aritz-Elustondo,es ESP,DF,Real Sociedad,24,1994,27,24,2254,25,1,0,1,0,0,5,0,0.04,0,0.04,0.04,0.04,Matches
Gorka Elustondo\Gorka-Elustondo,es ESP,MF,Rayo Vallecano,31,1987,5,3,285,3.2,0,0,0,0,0,1,0,0,0,0,0,0,Matches
Rodrigo Ely\Rodrigo-Ely,br BRA,DF,Alavés,24,1993,5,5,430,4.8,0,0,0,0,0,1,0,0,0,0,0,0,Matches
Adri Embarba\Adri-Embarba,es ESP,FWMF,Rayo Vallecano,26,1992,36,27,2282,25.4,5,6,2,3,3,5,1,0.2,0.24,0.43,0.08,0.32,Matches
Emerson\Emerson,br BRA,DF,Betis,19,1999,6,4,317,3.5,0,0,0,0,0,1,0,0,0,0,0,0,Matches
Youssef En-Nesyri\Youssef-En-Nesyri,ma MAR,FW,Leganés,21,1997,31,22,2106,23.4,9,2,9,0,0,7,0,0.38,0.09,0.47,0.38,0.47,Matches
Sergi Enrich\Sergi-Enrich,es ESP,FW,Eibar,28,1990,35,30,2582,28.7,7,4,7,0,0,4,0,0.24,0.14,0.38,0.24,0.38,Matches
Javier Eraso\Javier-Eraso,es ESP,MFFW,Leganés,28,1990,13,9,631,7,0,0,0,0,0,2,0,0,0,0,0,0,Matches
Gonzalo Escalante\Gonzalo-Escalante,ar ARG,MF,Eibar,25,1993,32,18,1789,19.9,4,1,4,0,0,6,0,0.2,0.05,0.25,0.2,0.25,Matches
Sergio Escudero\Sergio-Escudero,es ESP,DFMF,Sevilla,28,1989,21,18,1545,17.2,0,1,0,0,0,8,1,0,0.06,0.06,0,0.06,Matches
Bernardo Espinosa\Bernardo-Espinosa,co COL,DF,Girona,29,1989,31,31,2727,30.3,1,1,1,0,0,6,2,0.03,0.03,0.07,0.03,0.07,Matches
Beñat Etxebarria\Benat-Etxebarria,es ESP,MF,Athletic Club,31,1987,27,25,2031,22.6,1,2,1,0,0,8,0,0.04,0.09,0.13,0.04,0.13,Matches
Xabier Etxeita\Xabier-Etxeita,es ESP,DF,Huesca,30,1987,31,30,2677,29.7,4,0,4,0,0,10,0,0.13,0,0.13,0.13,0.13,Matches
Zouhair Feddal\Zouhair-Feddal,ma MAR,DF,Betis,29,1989,21,19,1702,18.9,1,1,1,0,0,7,0,0.05,0.05,0.11,0.05,0.11,Matches
Aitor Fernández\Aitor-Fernandez,es ESP,GK,Levante,27,1991,16,16,1440,16,0,0,0,0,0,0,0,0,0,0,0,0,Matches
Andrés Fernández\Andres-Fernandez,es ESP,GK,Villarreal,31,1986,6,6,540,6,0,0,0,0,0,2,0,0,0,0,0,0,Matches
Borja Fernández\Borja-Fernandez,es ESP,MFDF,Valladolid,37,1981,19,10,841,9.3,0,0,0,0,0,4,0,0,0,0,0,0,Matches
Joaquín Fernández\Joaquin-Fernandez,es ESP,DFMF,Valladolid,22,1996,13,9,839,9.3,1,0,1,0,0,2,0,0.11,0,0.11,0.11,0.11,Matches
David Ferreiro\David-Ferreiro,es ESP,FWMF,Huesca,30,1988,35,23,2280,25.3,1,3,1,0,0,5,0,0.04,0.12,0.16,0.04,0.16,Matches
Facundo Ferreyra\Facundo-Ferreyra,ar ARG,FWMF,Espanyol,27,1991,9,1,211,2.3,1,0,1,0,0,2,0,0.43,0,0.43,0.43,0.43,Matches
Junior Firpo\Junior-Firpo,es ESP,DFMF,Betis,21,1996,24,22,1937,21.5,3,4,3,0,0,7,0,0.14,0.19,0.33,0.14,0.33,Matches
Mathieu Flamini\Mathieu-Flamini,fr FRA,MF,Getafe,34,1984,10,4,453,5,0,0,0,0,0,5,0,0,0,0,0,0,Matches
Pablo Fornals\Pablo-Fornals,es ESP,MFFW,Villarreal,22,1996,35,28,2479,27.5,2,3,2,0,0,4,0,0.07,0.11,0.18,0.07,0.18,Matches
Dimitri Foulquier\Dimitri-Foulquier,fr FRA,MFFW,Getafe,25,1993,25,23,1799,20,3,2,3,0,0,7,0,0.15,0.1,0.25,0.15,0.25,Matches
Javi Fuego\Javi-Fuego,es ESP,MF,Villarreal,34,1984,5,3,233,2.6,0,0,0,0,0,1,0,0,0,0,0,0,Matches
Ramiro Funes Mori\Ramiro-Funes-Mori,ar ARG,DFMF,Villarreal,27,1991,31,29,2627,29.2,2,1,2,0,0,15,0,0.07,0.03,0.1,0.07,0.1,Matches
Javi Galán\Javi-Galan,es ESP,DFMF,Huesca,23,1994,16,16,1440,16,0,2,0,0,0,7,0,0,0.12,0.12,0,0.12,Matches
Álex Gallar\Alex-Gallar,es ESP,MFFW,Huesca,26,1992,25,10,1009,11.2,4,1,3,1,1,2,0,0.36,0.09,0.45,0.27,0.36,Matches
Enric Gallego\Enric-Gallego,es ESP,FW,Huesca,31,1986,19,17,1539,17.1,5,1,5,0,0,4,0,0.29,0.06,0.35,0.29,0.35,Matches
Álex Gálvez\Alex-Galvez,es ESP,DF,Rayo Vallecano,29,1989,17,17,1412,15.7,1,0,1,0,0,6,0,0.06,0,0.06,0.06,0.06,Matches
Kévin Gameiro\Kevin-Gameiro,fr FRA,FW,Valencia,31,1987,33,16,1612,17.9,6,1,6,0,0,1,0,0.33,0.06,0.39,0.33,0.39,Matches
Cristian Ganea\Cristian-Ganea,ro ROU,MF,Athletic Club,26,1992,1,1,49,0.5,0,0,0,0,0,0,0,0,0,0,0,0,Matches
Ezequiel Garay\Ezequiel-Garay,ar ARG,DF,Valencia,31,1986,24,24,2136,23.7,2,0,2,0,0,4,0,0.08,0,0.08,0.08,0.08,Matches
Borja Garcés\Borja-Garces,es ESP,FWMF,Atlético Madrid,18,1999,1,0,20,0.2,1,0,1,0,0,0,0,4.5,0,4.5,4.5,4.5,Matches
Alberto García\Alberto-Garcia,es ESP,GK,Rayo Vallecano,33,1985,17,17,1530,17,0,0,0,0,0,1,0,0,0,0,0,0,Matches
Aleix García\Aleix-Garcia,es ESP,MF,Girona,21,1997,31,20,1663,18.5,2,1,2,0,0,1,0,0.11,0.05,0.16,0.11,0.16,Matches
Álvaro García\Alvaro-Garcia,es ESP,FWMF,Rayo Vallecano,25,1992,35,17,1766,19.6,4,2,4,0,0,3,0,0.2,0.1,0.31,0.2,0.31,Matches
Borja García\Borja-Garcia,es ESP,FWMF,Girona,27,1990,33,30,2629,29.2,1,3,1,0,0,0,1,0.03,0.1,0.14,0.03,0.14,Matches
Dani García\Dani-Garcia,es ESP,MF,Athletic Club,28,1990,29,29,2476,27.5,0,1,0,0,0,13,0,0,0.04,0.04,0,0.04,Matches
Javi García\Javi-Garcia,es ESP,DFMF,Betis,31,1987,13,6,524,5.8,0,0,0,0,0,0,1,0,0,0,0,0,Matches
Manu García\Manu-Garcia,es ESP,MF,Alavés,32,1986,34,25,2330,25.9,2,1,2,0,0,6,0,0.08,0.04,0.12,0.08,0.12,Matches
Raúl García\Raul-Garcia,es ESP,DF,Leganés,29,1989,5,4,381,4.2,0,0,0,0,0,1,0,0,0,0,0,0,Matches
Raúl García\Raul-Garcia,es ESP,MFFW,Athletic Club,32,1986,33,27,2369,26.3,9,3,7,2,4,12,0,0.34,0.11,0.46,0.27,0.38,Matches
Raúl García\Raul-Garcia,es ESP,DF,Girona,29,1989,10,10,850,9.4,0,1,0,0,0,1,0,0,0.11,0.11,0,0.11,Matches
Sergio García\Sergio-Garcia,es ESP,FWMF,Espanyol,35,1983,29,17,1486,16.5,2,1,2,0,0,3,0,0.12,0.06,0.18,0.12,0.18,Matches
Mario Gaspar\Mario-Gaspar,es ESP,DF,Villarreal,27,1990,31,30,2599,28.9,1,2,1,0,0,17,1,0.03,0.07,0.1,0.03,0.1,Matches
Joris Gnagnon\Joris-Gnagnon,fr FRA,DFMF,Sevilla,21,1997,7,4,446,5,0,0,0,0,0,2,0,0,0,0,0,0,Matches
Diego Godín\Diego-Godin,uy URU,DF,Atlético Madrid,32,1986,30,28,2509,27.9,3,1,3,0,0,6,0,0.11,0.04,0.14,0.11,0.14,Matches
Ibai Gómez\Ibai-Gomez,es ESP,MFFW,Alavés,28,1989,18,17,1449,16.1,3,2,3,0,1,0,0,0.19,0.12,0.31,0.19,0.31,Matches
Ibai Gómez\Ibai-Gomez,es ESP,FW,Athletic Club,28,1989,14,6,580,6.4,0,2,0,0,0,0,0,0,0.31,0.31,0,0.31,Matches
Maxi Gómez\Maxi-Gomez,uy URU,FW,Celta Vigo,21,1996,35,33,2960,32.9,13,5,12,1,1,6,1,0.4,0.15,0.55,0.36,0.52,Matches
Moi Gómez\Moi-Gomez,es ESP,MF,Huesca,24,1994,36,35,3055,33.9,2,7,2,0,0,3,0,0.06,0.21,0.27,0.06,0.27,Matches
Sergi Gómez\Sergi-Gomez,es ESP,DF,Sevilla,26,1992,32,31,2765,30.7,0,0,0,0,0,1,0,0,0,0,0,0,Matches
Maxime Gonalons\Maxime-Gonalons,fr FRA,MF,Sevilla,29,1989,10,5,540,6,0,0,0,0,0,0,0,0,0,0,0,0,Matches
Álvaro González\Alvaro-Gonzalez,es ESP,DF,Villarreal,28,1990,33,33,2964,32.9,1,2,1,0,0,17,2,0.03,0.06,0.09,0.03,0.09,Matches
Bruno González\Bruno-Gonzalez,es ESP,DF,Getafe,28,1990,23,18,1701,18.9,0,1,0,0,0,7,1,0,0.05,0.05,0,0.05,Matches
Cristo González\Cristo-Gonzalez,es ESP,FW,Real Madrid,20,1997,1,0,45,0.5,0,0,0,0,0,0,0,0,0,0,0,0,Matches
Andoni Gorosabel\Andoni-Gorosabel,es ESP,DF,Real Sociedad,21,1996,7,6,455,5.1,0,0,0,0,0,0,0,0,0,0,0,0,Matches
Álex Granell\Alex-Granell,es ESP,MFDF,Girona,29,1988,32,26,2391,26.6,0,4,0,0,0,5,0,0,0.15,0.15,0,0.15,Matches
Esteban Granero\Esteban-Granero,es ESP,MF,Espanyol,31,1987,28,24,2013,22.4,3,1,3,0,0,11,0,0.13,0.04,0.18,0.13,0.18,Matches
Antoine Griezmann\Antoine-Griezmann,fr FRA,FW,Atlético Madrid,27,1991,37,37,3198,35.5,15,8,12,3,3,5,0,0.42,0.23,0.65,0.34,0.56,Matches
Andrés Guardado\Andres-Guardado,mx MEX,MFDF,Betis,31,1986,31,27,2335,25.9,0,4,0,0,0,8,0,0,0.15,0.15,0,0.15,Matches
Sergi Guardiola\Sergi-Guardiola,es ESP,FW,Valladolid,27,1991,17,17,1514,16.8,3,1,3,0,1,0,0,0.18,0.06,0.24,0.18,0.24,Matches
Sergi Guardiola\Sergi-Guardiola,es ESP,MFFW,Getafe,27,1991,3,0,30,0.3,0,0,0,0,0,0,0,0,0,0,0,0,Matches
Gonçalo Guedes\Goncalo-Guedes,pt POR,MFFW,Valencia,21,1996,25,18,1465,16.3,5,3,5,0,0,2,0,0.31,0.18,0.49,0.31,0.49,Matches
Javi Guerra\Javi-Guerra,es ESP,FWMF,Rayo Vallecano,36,1982,8,1,236,2.6,0,1,0,0,0,0,0,0,0.38,0.38,0,0.38,Matches
Francis Guerrero\Francis-Guerrero,es ESP,DFMF,Betis,22,1996,22,22,1778,19.8,0,1,0,0,0,2,0,0,0.05,0.05,0,0.05,Matches
Ander Guevara\Ander-Guevara,es ESP,MF,Real Sociedad,21,1997,1,1,90,1,0,0,0,0,0,0,0,0,0,0,0,0,Matches
John Guidetti\John-Guidetti,se SWE,FW,Alavés,26,1992,22,6,631,7,2,1,2,0,0,2,0,0.29,0.14,0.43,0.29,0.43,Matches
Gerard Gumbau\Gerard-Gumbau,es ESP,MF,Leganés,23,1994,16,13,1199,13.3,1,1,0,1,1,6,1,0.08,0.08,0.15,0,0.08,Matches
Serdar Gürler\Serdar-Gurler,tr TUR,FWMF,Huesca,26,1991,13,5,482,5.4,0,1,0,0,0,2,0,0,0.19,0.19,0,0.19,Matches
Gorka Guruzeta\Gorka-Guruzeta,es ESP,FWMF,Athletic Club,21,1996,6,0,50,0.6,0,0,0,0,0,0,0,0,0,0,0,0,Matches
Hacen\Hacen,mr MTN,FW,Valladolid,20,1997,1,0,3,0,0,0,0,0,0,0,0,0,0,0,0,0,Matches
Munir El Haddadi\Munir-El-Haddadi,ma MAR,FWMF,Sevilla,22,1995,16,12,1042,11.6,5,1,5,0,0,2,0,0.43,0.09,0.52,0.43,0.52,Matches
Munir El Haddadi\Munir-El-Haddadi,ma MAR,FW,Barcelona,22,1995,7,1,152,1.7,1,1,1,0,0,0,0,0.59,0.59,1.18,0.59,1.18,Matches
Uche Henry Agbo\Uche-Henry-Agbo,ng NGA,MF,Rayo Vallecano,22,1995,6,5,372,4.1,0,0,0,0,0,2,0,0,0,0,0,0,Matches
Mario Hermoso\Mario-Hermoso,es ESP,DF,Espanyol,23,1995,32,31,2806,31.2,3,0,3,0,0,7,0,0.1,0,0.1,0.1,0.1,Matches
Lucas Hernández\Lucas-Hernandez,fr FRA,DF,Atlético Madrid,22,1996,14,13,1117,12.4,1,0,1,0,0,5,0,0.08,0,0.08,0.08,0.08,Matches
Theo Hernández\Theo-Hernandez,fr FRA,DF,Real Sociedad,20,1997,24,22,1976,22,1,2,1,0,0,5,1,0.05,0.09,0.14,0.05,0.14,Matches
Yangel Herrera\Yangel-Herrera,ve VEN,MFDF,Huesca,20,1998,16,14,1154,12.8,0,0,0,0,0,5,0,0,0,0,0,0,Matches
Iago Herrerín\Iago-Herrerin,es ESP,GK,Athletic Club,30,1988,31,31,2790,31,0,1,0,0,0,1,0,0,0.03,0.03,0,0.03,Matches
Pablo Hervías\Pablo-Hervias,es ESP,MF,Eibar,25,1993,3,2,180,2,0,1,0,0,0,0,0,0,0.5,0.5,0,0.5,Matches
Pablo Hervías\Pablo-Hervias,es ESP,FWMF,Valladolid,25,1993,3,2,160,1.8,0,0,0,0,0,1,0,0,0,0,0,0,Matches
Andrew Hjulsager\Andrew-Hjulsager,dk DEN,MFFW,Celta Vigo,23,1995,15,2,359,4,0,3,0,0,0,1,0,0,0.75,0.75,0,0.75,Matches
Wesley Hoedt\Wesley-Hoedt,nl NED,DF,Celta Vigo,24,1994,10,9,893,9.9,0,0,0,0,0,3,1,0,0,0,0,0,Matches
Robert Ibáñez\Robert-Ibanez,es ESP,DFFW,Getafe,25,1993,7,0,76,0.8,0,0,0,0,0,1,0,0,0,0,0,0,Matches
Vicente Iborra\Vicente-Iborra,es ESP,MFFW,Villarreal,30,1988,19,19,1665,18.5,3,1,3,0,0,7,0,0.16,0.05,0.22,0.16,0.22,Matches
Borja Iglesias\Borja-Iglesias,es ESP,FW,Espanyol,25,1993,37,35,3075,34.2,17,3,14,3,3,5,0,0.5,0.09,0.59,0.41,0.5,Matches
Asier Illarramendi\Asier-Illarramendi,es ESP,MF,Real Sociedad,28,1990,23,20,1821,20.2,1,1,1,0,0,8,0,0.05,0.05,0.1,0.05,0.1,Matches
Giannelli Imbula\Giannelli-Imbula,cd COD,MF,Rayo Vallecano,25,1992,22,21,1732,19.2,1,1,1,0,0,7,0,0.05,0.05,0.1,0.05,0.1,Matches
Pablo Insua\Pablo-Insua,es ESP,DF,Huesca,24,1993,10,10,776,8.6,0,0,0,0,0,4,0,0,0,0,0,0,Matches
Takashi Inui\Takashi-Inui,jp JPN,MFFW,Alavés,30,1988,12,10,828,9.2,2,0,2,0,0,0,0,0.22,0,0.22,0.22,0.22,Matches
Takashi Inui\Takashi-Inui,jp JPN,FWMF,Betis,30,1988,8,5,377,4.2,0,0,0,0,0,0,0,0,0,0,0,0,Matches
Gorka Iraizoz\Gorka-Iraizoz,es ESP,GK,Girona,37,1981,7,6,559,6.2,0,0,0,0,0,0,0,0,0,0,0,0,Matches
Carlos Isaac\Carlos-Isaac,es ESP,DF,Atlético Madrid,20,1998,1,1,90,1,0,0,0,0,0,0,0,0,0,0,0,0,Matches
Isco\Isco,es ESP,MFFW,Real Madrid,26,1992,27,11,1192,13.2,3,2,3,0,0,3,0,0.23,0.15,0.38,0.23,0.38,Matches
Manuel Iturra\Manuel-Iturra,cl CHI,MF,Villarreal,34,1984,3,1,74,0.8,0,0,0,0,0,1,0,0,0,0,0,0,Matches
Ander Iturraspe\Ander-Iturraspe,es ESP,MF,Athletic Club,29,1989,3,1,98,1.1,0,0,0,0,0,1,0,0,0,0,0,0,Matches
Ivi\Ivi,es ESP,MFFW,Valladolid,24,1994,3,0,20,0.2,0,0,0,0,0,0,0,0,0,0,0,0,Matches
Adnan Januzaj\Adnan-Januzaj,be BEL,FWMF,Real Sociedad,23,1995,20,13,1254,13.9,1,3,1,0,0,1,0,0.07,0.22,0.29,0.07,0.29,Matches
Jason\Jason,es ESP,MFDF,Levante,24,1994,30,26,2330,25.9,2,5,2,0,0,10,0,0.08,0.19,0.27,0.08,0.27,Matches
Mathias Jensen\Mathias-Jensen,dk DEN,MFFW,Celta Vigo,22,1996,6,3,235,2.6,0,0,0,0,0,0,0,0,0,0,0,0,Matches
Jesé\Jese,es ESP,FWMF,Betis,25,1993,14,9,779,8.7,2,0,2,0,0,2,0,0.23,0,0.23,0.23,0.23,Matches
Joaquín\Joaquin,es ESP,FWDF,Betis,37,1981,30,17,1696,18.8,6,0,6,0,0,5,0,0.32,0,0.32,0.32,0.32,Matches
Jony\Jony,es ESP,MFFW,Alavés,27,1991,36,34,2971,33,4,11,4,0,0,3,0,0.12,0.33,0.45,0.12,0.45,Matches
Joan Jordán\Joan-Jordan,es ESP,MF,Eibar,24,1994,36,32,2875,31.9,4,4,4,0,0,10,0,0.13,0.13,0.25,0.13,0.25,Matches
Willian José\Willian-Jose,br BRA,FW,Real Sociedad,26,1991,31,28,2367,26.3,11,5,6,5,7,5,1,0.42,0.19,0.61,0.23,0.42,Matches
Aleksandar Jovanovi?\Aleksandar-Jovanovic,rs SRB,GK,Huesca,25,1992,12,12,1080,12,0,0,0,0,0,1,0,0,0,0,0,0,Matches
Jozabed\Jozabed,es ESP,MF,Celta Vigo,27,1991,20,14,1155,12.8,0,0,0,0,0,1,0,0,0,0,0,0,Matches
Miguel Juan Llambrich\Miguel-Juan-Llambrich,es ESP,DF,Villarreal,22,1996,8,5,544,6,0,0,0,0,0,1,0,0,0,0,0,0,Matches
Juanfran\Juanfran,es ESP,DF,Atlético Madrid,33,1985,22,18,1609,17.9,0,2,0,0,0,7,0,0,0.11,0.11,0,0.11,Matches
Juanfran\Juanfran,es ESP,DF,Leganés,29,1988,23,17,1459,16.2,1,1,1,0,0,0,0,0.06,0.06,0.12,0.06,0.12,Matches
Juanmi\Juanmi,es ESP,FWMF,Real Sociedad,25,1993,30,16,1523,16.9,5,2,5,0,0,5,1,0.3,0.12,0.41,0.3,0.41,Matches
Juanpe\Juanpe,es ESP,DF,Girona,27,1991,33,31,2767,30.7,0,0,0,0,0,8,0,0,0,0,0,0,Matches
Juanpi\Juanpi,ve VEN,MFFW,Huesca,24,1994,14,8,670,7.4,2,2,1,1,1,2,0,0.27,0.27,0.54,0.13,0.4,Matches
David Juncà\David-Junca,es ESP,DF,Celta Vigo,24,1993,21,21,1754,19.5,0,3,0,0,0,6,0,0,0.15,0.15,0,0.15,Matches
Vinicius Júnior\Vinicius-Junior,br BRA,FW,Real Madrid,18,2000,18,9,869,9.7,2,0,2,0,0,0,0,0.21,0,0.21,0.21,0.21,Matches
Gaël Kakuta\Gael-Kakuta,cd COD,MFFW,Rayo Vallecano,27,1991,12,9,717,8,1,0,0,1,1,1,0,0.13,0,0.13,0,0,Matches
Nikola Kalini?\Nikola-Kalinic,hr CRO,FW,Atlético Madrid,30,1988,17,7,642,7.1,2,0,2,0,0,3,0,0.28,0,0.28,0.28,0.28,Matches
Lee Kangin\Lee-Kangin,kr KOR,FWMF,Valencia,17,2001,3,0,24,0.3,0,0,0,0,0,1,0,0,0,0,0,0,Matches
Wilfrid Kaptoum\Wilfrid-Kaptoum,cm CMR,MF,Betis,22,1996,10,9,773,8.6,0,0,0,0,0,2,0,0,0,0,0,0,Matches
Keko\Keko,es ESP,MFFW,Valladolid,26,1991,26,20,1533,17,2,1,2,0,0,2,0,0.12,0.06,0.18,0.12,0.18,Matches
Kike\Kike,es ESP,FW,Eibar,28,1989,30,15,1298,14.4,3,0,3,0,0,0,0,0.21,0,0.21,0.21,0.21,Matches
Simon Kjær\Simon-Kjaer,dk DEN,DF,Sevilla,29,1989,26,25,2008,22.3,0,0,0,0,0,5,0,0,0,0,0,0,Matches
Kenan Kodro\Kenan-Kodro,ba BIH,FWMF,Athletic Club,24,1993,11,0,161,1.8,1,0,1,0,0,0,0,0.56,0,0.56,0.56,0.56,Matches
Koke\Koke,es ESP,MF,Atlético Madrid,26,1992,30,29,2586,28.7,3,5,3,0,0,10,1,0.1,0.17,0.28,0.1,0.28,Matches
Geoffrey Kondogbia\Geoffrey-Kondogbia,cf CTA,MF,Valencia,25,1993,19,14,1245,13.8,1,1,1,0,0,1,0,0.07,0.07,0.14,0.07,0.14,Matches
Vasyl Kravets\Vasyl-Kravets,ua UKR,DF,Leganés,20,1997,6,6,481,5.3,0,0,0,0,0,2,0,0,0,0,0,0,Matches
Toni Kroos\Toni-Kroos,de GER,MF,Real Madrid,28,1990,28,26,2221,24.7,0,4,0,0,0,2,0,0,0.16,0.16,0,0.16,Matches
Víctor Laguardia\Victor-Laguardia,es ESP,DF,Alavés,28,1989,36,36,3240,36,1,2,1,0,0,13,0,0.03,0.06,0.08,0.03,0.08,Matches
Diego Lainez\Diego-Lainez,mx MEX,MFFW,Betis,18,2000,12,3,353,3.9,0,1,0,0,0,2,0,0,0.25,0.25,0,0.25,Matches
Toni Lato\Toni-Lato,es ESP,DF,Valencia,20,1997,4,3,270,3,0,0,0,0,0,1,0,0,0,0,0,0,Matches
Miguel Layún\Miguel-Layun,mx MEX,MFDF,Villarreal,30,1988,8,5,506,5.6,0,1,0,0,0,1,0,0,0.18,0.18,0,0.18,Matches
Robin Le Normand\Robin-Le-Normand,fr FRA,DF,Real Sociedad,21,1996,4,3,284,3.2,0,1,0,0,0,1,0,0,0.32,0.32,0,0.32,Matches
Wu Lei\Wu-Lei,cn CHN,FWMF,Espanyol,26,1991,16,12,1061,11.8,3,1,3,0,0,1,0,0.25,0.08,0.34,0.25,0.34,Matches
Iñigo Lekue\Inigo-Lekue,es ESP,DF,Athletic Club,25,1993,4,2,211,2.3,0,0,0,0,0,1,0,0,0,0,0,0,Matches
Thomas Lemar\Thomas-Lemar,fr FRA,MFFW,Atlético Madrid,22,1995,31,22,1817,20.2,2,3,2,0,0,4,0,0.1,0.15,0.25,0.1,0.25,Matches
Clément Lenglet\Clement-Lenglet,fr FRA,DF,Barcelona,23,1995,23,22,1933,21.5,1,0,1,0,0,8,1,0.05,0,0.05,0.05,0.05,Matches
Pedro León\Pedro-Leon,es ESP,MFFW,Eibar,31,1986,9,5,425,4.7,1,0,1,0,0,0,0,0.21,0,0.21,0.21,0.21,Matches
Sergio León\Sergio-Leon,es ESP,FWMF,Betis,29,1989,16,6,638,7.1,0,1,0,0,0,1,0,0,0.14,0.14,0,0.14,Matches
Diego Llorente\Diego-Llorente,es ESP,DF,Real Sociedad,24,1993,21,20,1752,19.5,0,0,0,0,0,5,0,0,0,0,0,0,Matches
Marcos Llorente\Marcos-Llorente,es ESP,MF,Real Madrid,23,1995,7,6,540,6,0,0,0,0,0,1,0,0,0,0,0,0,Matches
Giovani Lo Celso\Giovani-Lo-Celso,ar ARG,MFFW,Betis,22,1996,32,27,2397,26.6,9,4,7,2,4,5,0,0.34,0.15,0.49,0.26,0.41,Matches
Stanislav Lobotka\Stanislav-Lobotka,sk SVK,MF,Celta Vigo,23,1994,31,27,2489,27.7,0,1,0,0,0,1,0,0,0.04,0.04,0,0.04,Matches
Samuele Longo\Samuele-Longo,it ITA,FWMF,Huesca,26,1992,15,6,556,6.2,1,2,1,0,0,4,0,0.16,0.32,0.49,0.16,0.49,Matches
Pedro López Muñoz\Pedro-Lopez-Munoz,es ESP,DF,Levante,34,1983,8,4,465,5.2,0,1,0,0,0,1,0,0,0.19,0.19,0,0.19,Matches
Alejandro López\Alejandro-Lopez,es ESP,MF,Espanyol,21,1997,4,1,112,1.2,0,0,0,0,0,1,0,0,0,0,0,0,Matches
David López\David-Lopez,es ESP,DF,Espanyol,28,1989,21,21,1819,20.2,0,0,0,0,0,4,0,0,0,0,0,0,Matches
Diego López\Diego-Lopez,es ESP,GK,Espanyol,36,1981,38,38,3420,38,0,0,0,0,0,2,0,0,0,0,0,0,Matches
Javi López\Javi-Lopez,es ESP,DF,Espanyol,32,1986,23,21,1948,21.6,0,1,0,0,0,5,1,0,0.05,0.05,0,0.05,Matches
Lluis López\Lluis-Lopez,es ESP,DF,Espanyol,21,1997,6,5,521,5.8,0,0,0,0,0,0,0,0,0,0,0,0,Matches
Pau López\Pau-Lopez,es ESP,GK,Betis,23,1994,33,33,2970,33,0,0,0,0,0,3,0,0,0,0,0,0,Matches
Roberto López\Roberto-Lopez,es ESP,MF,Real Sociedad,18,2000,1,0,29,0.3,0,0,0,0,0,0,0,0,0,0,0,0,Matches
Unai López\Unai-Lopez,es ESP,MF,Athletic Club,22,1995,7,3,328,3.6,0,0,0,0,0,1,0,0,0,0,0,0,Matches
Anthony Lozano\Anthony-Lozano,hn HON,FWMF,Girona,25,1993,20,7,730,8.1,0,0,0,0,0,4,1,0,0,0,0,0,Matches
José Luis Gayà\Jose-Luis-Gaya,es ESP,DF,Valencia,23,1995,35,35,3137,34.9,1,1,1,0,0,10,0,0.03,0.03,0.06,0.03,0.06,Matches
José Luis Morales\Jose-Luis-Morales,es ESP,FWMF,Levante,31,1987,37,35,3195,35.5,12,5,9,3,5,7,0,0.34,0.14,0.48,0.25,0.39,Matches
Filipe Luís\Filipe-Luis,br BRA,DF,Atlético Madrid,32,1985,27,24,2030,22.6,2,2,2,0,0,4,0,0.09,0.09,0.18,0.09,0.18,Matches
Luisinho\Luisinho,pt POR,DF,Huesca,33,1985,7,6,507,5.6,0,0,0,0,0,4,0,0,0,0,0,0,Matches
Douglas Luiz\Douglas-Luiz,br BRA,MF,Girona,20,1998,23,16,1490,16.6,0,0,0,0,0,7,0,0,0,0,0,0,Matches
Antonio Luna\Antonio-Luna,es ESP,DF,Levante,27,1991,16,14,1258,14,0,2,0,0,0,4,0,0,0.14,0.14,0,0.14,Matches
Andriy Lunin\Andriy-Lunin,ua UKR,GK,Leganés,19,1999,5,4,365,4.1,0,0,0,0,0,0,0,0,0,0,0,0,Matches
Nemanja Maksimovi?\Nemanja-Maksimovic,rs SRB,MF,Getafe,23,1995,36,36,3209,35.7,1,0,1,0,0,4,0,0.03,0,0.03,0.03,0.03,Matches
Malcom\Malcom,br BRA,FWDF,Barcelona,21,1997,15,6,614,6.8,1,2,1,0,0,0,0,0.15,0.29,0.44,0.15,0.44,Matches
Hugo Mallo\Hugo-Mallo,es ESP,DF,Celta Vigo,27,1991,35,35,3092,34.4,1,4,1,0,0,11,0,0.03,0.12,0.15,0.03,0.15,Matches
Aïssa Mandi\Aissa-Mandi,dz ALG,DF,Betis,26,1991,35,34,3059,34,1,1,1,0,0,10,0,0.03,0.03,0.06,0.03,0.06,Matches
Martín Mantovani\Martin-Mantovani,ar ARG,DF,Huesca,34,1984,9,6,701,7.8,2,0,2,0,0,2,0,0.26,0,0.26,0.26,0.26,Matches
Fran Manzanara\Fran-Manzanara,es ESP,DFMF,Levante,21,1996,4,1,157,1.7,0,0,0,0,0,0,0,0,0,0,0,0,Matches
Marcelo\Marcelo,br BRA,DF,Real Madrid,30,1988,23,21,1853,20.6,2,2,2,0,0,6,0,0.1,0.1,0.19,0.1,0.19,Matches
Óscar de Marcos\Oscar-de-Marcos,es ESP,DFFW,Athletic Club,29,1989,30,28,2421,26.9,1,2,1,0,0,7,2,0.04,0.07,0.11,0.04,0.11,Matches
Miguel Marí\Miguel-Mari,es ESP,MF,Eibar,21,1997,2,0,69,0.8,0,0,0,0,0,0,0,0,0,0,0,0,Matches
José María Giménez\Jose-Maria-Gimenez,uy URU,DF,Atlético Madrid,23,1995,21,19,1772,19.7,0,0,0,0,0,5,0,0,0,0,0,0,Matches
Mariano\Mariano,do DOM,FW,Real Madrid,24,1993,13,3,447,5,3,0,3,0,0,2,0,0.6,0,0.6,0.6,0.6,Matches
Adrián Marín\Adrian-Marin,es ESP,DFMF,Alavés,21,1997,6,2,290,3.2,0,0,0,0,0,2,0,0,0,0,0,0,Matches
Guillermo Maripán\Guillermo-Maripan,cl CHI,DF,Alavés,24,1994,23,22,2008,22.3,2,2,2,0,0,5,0,0.09,0.09,0.18,0.09,0.18,Matches
Roger Martí\Roger-Marti,es ESP,FW,Levante,27,1991,31,23,1887,21,13,0,11,2,2,5,0,0.62,0,0.62,0.52,0.52,Matches
Iñigo Martínez\Inigo-Martinez,es ESP,DF,Athletic Club,27,1991,33,33,2902,32.2,0,0,0,0,0,12,0,0,0,0,0,0,Matches
Gelson Martins\Gelson-Martins,pt POR,FW,Atlético Madrid,23,1995,8,1,229,2.5,0,0,0,0,0,0,0,0,0,0,0,0,Matches
Jordi Masip\Jordi-Masip,es ESP,GK,Valladolid,29,1989,35,35,3150,35,0,0,0,0,0,1,0,0,0,0,0,0,Matches
Jaime Mata\Jaime-Mata,es ESP,FWMF,Getafe,29,1988,34,27,2432,27,14,6,10,4,4,10,0,0.52,0.22,0.74,0.37,0.59,Matches
Borja Mayoral\Borja-Mayoral,es ESP,FW,Levante,21,1997,29,16,1621,18,3,2,3,0,0,1,0,0.17,0.11,0.28,0.17,0.28,Matches
Róbert Mazá?\Robert-Mazan,sk SVK,DF,Celta Vigo,24,1994,1,1,90,1,0,0,0,0,0,0,0,0,0,0,0,0,Matches
Álvaro Medrán\Alvaro-Medran,es ESP,MF,Rayo Vallecano,24,1994,21,12,1149,12.8,3,0,3,0,0,8,1,0.23,0,0.23,0.23,0.23,Matches
Óscar Melendo\Oscar-Melendo,es ESP,MFFW,Espanyol,20,1997,32,22,1997,22.2,0,5,0,0,0,3,0,0,0.23,0.23,0,0.23,Matches
Gonzalo Melero\Gonzalo-Melero,es ESP,MF,Huesca,24,1994,22,14,1345,14.9,2,1,1,1,2,3,0,0.13,0.07,0.2,0.07,0.13,Matches
Arthur Melo\Arthur-Melo,br BRA,MF,Barcelona,21,1996,27,19,1430,15.9,0,1,0,0,0,2,0,0,0.06,0.06,0,0.06,Matches
Brais Méndez\Brais-Mendez,es ESP,MFFW,Celta Vigo,21,1997,31,27,2349,26.1,6,7,5,1,1,5,0,0.23,0.27,0.5,0.19,0.46,Matches
Gabriel Mercado\Gabriel-Mercado,ar ARG,DF,Sevilla,31,1987,23,19,1738,19.3,2,1,2,0,0,10,0,0.1,0.05,0.16,0.1,0.16,Matches
Mikel Merino\Mikel-Merino,es ESP,MF,Real Sociedad,22,1996,29,24,2055,22.8,3,3,3,0,0,10,1,0.13,0.13,0.26,0.13,0.26,Matches
Sabin Merino\Sabin-Merino,es ESP,FWMF,Leganés,26,1992,12,2,295,3.3,0,0,0,0,0,0,0,0,0,0,0,0,Matches
Martín Merquelanz\Martin-Merquelanz,es ESP,MF,Real Sociedad,23,1995,1,0,6,0.1,0,0,0,0,0,0,0,0,0,0,0,0,Matches
Roque Mesa\Roque-Mesa,es ESP,MF,Sevilla,29,1989,31,20,1746,19.4,2,2,2,0,0,11,1,0.1,0.1,0.21,0.1,0.21,Matches
Lionel Messi\Lionel-Messi,ar ARG,FW,Barcelona,31,1987,34,29,2713,30.1,36,13,32,4,5,3,0,1.19,0.43,1.63,1.06,1.49,Matches
Míchel\Michel,es ESP,MF,Valladolid,30,1988,35,27,2553,28.4,1,2,1,0,1,9,0,0.04,0.07,0.11,0.04,0.11,Matches
Miguel\Miguel,es ESP,MF,Valladolid,18,1999,2,0,12,0.1,0,0,0,0,0,0,0,0,0,0,0,0,Matches
Pere Milla\Pere-Milla,es ESP,FWMF,Eibar,25,1992,5,5,341,3.8,0,0,0,0,0,0,0,0,0,0,0,0,Matches
Santi Mina\Santi-Mina,es ESP,FW,Valencia,22,1995,30,23,1852,20.6,7,5,7,0,0,4,0,0.34,0.24,0.58,0.34,0.58,Matches
Ignasi Miquel\Ignasi-Miquel,es ESP,DF,Getafe,25,1992,7,4,316,3.5,0,0,0,0,0,1,0,0,0,0,0,0,Matches
Jorge Miramón\Jorge-Miramon,es ESP,DF,Huesca,29,1989,30,30,2492,27.7,1,0,1,0,0,5,0,0.04,0,0.04,0.04,0.04,Matches
Luka Modri?\Luka-Modric,hr CRO,MF,Real Madrid,32,1985,34,31,2608,29,3,6,3,0,0,6,0,0.1,0.21,0.31,0.1,0.31,Matches
Johan Mojica\Johan-Mojica,co COL,DFMF,Girona,25,1992,1,0,20,0.2,0,0,0,0,0,0,0,0,0,0,0,0,Matches
Jorge Molina\Jorge-Molina,es ESP,FW,Getafe,36,1982,38,28,2648,29.4,14,5,12,2,2,2,0,0.48,0.17,0.65,0.41,0.58,Matches
Victor Mollejo\Victor-Mollejo,es ESP,FWMF,Atlético Madrid,17,2001,4,0,65,0.7,0,0,0,0,0,0,0,0,0,0,0,0,Matches
Francisco Montero\Francisco-Montero,es ESP,DF,Atlético Madrid,19,1999,9,4,404,4.5,0,0,0,0,0,2,0,0,0,0,0,0,Matches
Emre Mor\Emre-Mor,tr TUR,FWMF,Celta Vigo,21,1997,10,4,369,4.1,0,0,0,0,0,1,0,0,0,0,0,0,Matches
Álvaro Morata\Alvaro-Morata,es ESP,FW,Atlético Madrid,25,1992,15,13,1083,12,6,1,6,0,0,5,0,0.5,0.08,0.58,0.5,0.58,Matches
Álex Moreno\Alex-Moreno,es ESP,DF,Rayo Vallecano,25,1993,36,36,3136,34.8,1,1,1,0,0,5,0,0.03,0.03,0.06,0.03,0.06,Matches
Gerard Moreno\Gerard-Moreno,es ESP,FW,Villarreal,26,1992,35,25,2315,25.7,8,1,8,0,1,3,0,0.31,0.04,0.35,0.31,0.35,Matches
Héctor Moreno\Hector-Moreno,mx MEX,DF,Real Sociedad,30,1988,25,21,1933,21.5,1,0,1,0,0,2,0,0.05,0,0.05,0.05,0.05,Matches
Sergio Moreno\Sergio-Moreno,es ESP,MF,Rayo Vallecano,19,1999,1,0,14,0.2,0,0,0,0,0,0,0,0,0,0,0,0,Matches
Manu Morlanes\Manu-Morlanes,es ESP,MF,Villarreal,19,1999,10,7,610,6.8,0,3,0,0,0,2,0,0,0.44,0.44,0,0.44,Matches
Loren Morón\Loren-Moron,es ESP,FW,Betis,24,1993,33,22,1957,21.7,6,0,6,0,0,4,0,0.28,0,0.28,0.28,0.28,Matches
Toni Moya\Toni-Moya,es ESP,DF,Atlético Madrid,20,1998,1,1,90,1,0,0,0,0,0,0,0,0,0,0,0,0,Matches
Javi Moyano\Javi-Moyano,es ESP,DF,Valladolid,32,1986,27,25,2098,23.3,0,0,0,0,0,3,0,0,0,0,0,0,Matches
Iker Muniain\Iker-Muniain,es ESP,FWMF,Athletic Club,25,1992,34,27,2383,26.5,7,3,6,1,1,7,0,0.26,0.11,0.38,0.23,0.34,Matches
Marc Muniesa\Marc-Muniesa,es ESP,DFMF,Girona,26,1992,19,15,1406,15.6,0,0,0,0,0,6,0,0,0,0,0,0,Matches
Aihen Muñoz\Aihen-Munoz,es ESP,DF,Real Sociedad,20,1997,11,11,951,10.6,0,0,0,0,0,0,0,0,0,0,0,0,Matches
Ezequiel Muñoz\Ezequiel-Munoz,ar ARG,DF,Leganés,27,1990,3,2,211,2.3,0,0,0,0,0,0,0,0,0,0,0,0,Matches
Joaquín Muñoz\Joaquin-Munoz,es ESP,MF,Atlético Madrid,19,1999,1,0,1,0,0,0,0,0,0,0,0,0,0,0,0,0,Matches
Luis Muriel\Luis-Muriel,co COL,MFFW,Sevilla,27,1991,6,1,123,1.4,1,1,1,0,0,0,0,0.73,0.73,1.46,0.73,1.46,Matches
Jeison Murillo\Jeison-Murillo,co COL,DF,Barcelona,26,1992,2,1,113,1.3,0,0,0,0,0,0,0,0,0,0,0,0,Matches
Jeison Murillo\Jeison-Murillo,co COL,DF,Valencia,26,1992,1,1,90,1,0,0,0,0,0,0,0,0,0,0,0,0,Matches
Damián Musto\Damian-Musto,ar ARG,MF,Huesca,31,1987,24,20,1686,18.7,0,0,0,0,0,11,0,0,0,0,0,0,Matches
Nacho\Nacho,es ESP,DF,Real Madrid,28,1990,20,19,1698,18.9,0,1,0,0,0,8,1,0,0.05,0.05,0,0.05,Matches
Nacho\Nacho,es ESP,DF,Valladolid,29,1989,35,35,3150,35,1,3,1,0,0,10,0,0.03,0.09,0.11,0.03,0.11,Matches
Naldo\Naldo,br BRA,DF,Espanyol,29,1988,16,16,1362,15.1,1,1,1,0,0,3,0,0.07,0.07,0.13,0.07,0.13,Matches
Ximo Navarro\Ximo-Navarro,es ESP,DF,Alavés,28,1990,31,28,2533,28.1,2,2,2,0,0,7,0,0.07,0.07,0.14,0.07,0.14,Matches
Jesús Navas\Jesus-Navas,es ESP,DFMF,Sevilla,32,1985,32,31,2712,30.1,1,5,1,0,0,8,0,0.03,0.17,0.2,0.03,0.2,Matches
Keylor Navas\Keylor-Navas,cr CRC,GK,Real Madrid,31,1986,10,10,900,10,0,0,0,0,0,1,0,0,0,0,0,0,Matches
Raúl Navas\Raul-Navas,es ESP,DF,Real Sociedad,30,1988,16,15,1310,14.6,0,0,0,0,0,4,0,0,0,0,0,0,Matches
Neto\Neto,br BRA,GK,Valencia,29,1989,34,34,3060,34,0,0,0,0,0,2,0,0,0,0,0,0,Matches
Saúl Ñíguez\Saul-Niguez,es ESP,MFDF,Atlético Madrid,23,1994,33,32,2925,32.5,4,1,4,0,1,10,0,0.12,0.03,0.15,0.12,0.15,Matches
Peru Nolaskoain\Peru-Nolaskoain,es ESP,DF,Athletic Club,19,1998,8,4,464,5.2,2,0,2,0,0,2,1,0.39,0,0.39,0.39,0.39,Matches
Nolito\Nolito,es ESP,FW,Sevilla,31,1986,4,1,76,0.8,0,0,0,0,0,0,0,0,0,0,0,0,Matches
Unai Núñez\Unai-Nunez,es ESP,DF,Athletic Club,21,1997,12,11,1064,11.8,0,0,0,0,0,4,0,0,0,0,0,0,Matches
Allan Nyom\Allan-Nyom,cm CMR,DF,Leganés,30,1988,23,20,1708,19,1,1,1,0,0,7,1,0.05,0.05,0.11,0.05,0.11,Matches
Jan Oblak\Jan-Oblak,si SVN,GK,Atlético Madrid,25,1993,37,37,3330,37,0,0,0,0,0,1,0,0,0,0,0,0,Matches
Álvaro Odriozola\Alvaro-Odriozola,es ESP,DF,Real Madrid,22,1995,14,14,1178,13.1,0,2,0,0,0,2,0,0,0.15,0.15,0,0.15,Matches
Dani Ojeda\Dani-Ojeda,es ESP,MFDF,Leganés,23,1994,5,2,193,2.1,0,0,0,0,0,1,0,0,0,0,0,0,Matches
Lucas Olaza\Lucas-Olaza,uy URU,DF,Celta Vigo,24,1994,10,10,897,10,0,2,0,0,0,2,0,0,0.2,0.2,0,0.2,Matches
Oier Olazábal\Oier-Olazabal,es ESP,GK,Levante,28,1989,21,21,1890,21,0,0,0,0,0,1,0,0,0,0,0,0,Matches
Kiko Olivas\Kiko-Olivas,es ESP,DF,Valladolid,29,1988,35,35,3100,34.4,0,0,0,0,0,6,0,0,0,0,0,0,Matches
Paulo Oliveira\Paulo-Oliveira,pt POR,DF,Eibar,26,1992,28,24,2245,24.9,0,0,0,0,0,4,0,0,0,0,0,0,Matches
Mathías Olivera\Mathias-Olivera,uy URU,DFMF,Getafe,20,1997,14,12,1007,11.2,0,1,0,0,0,6,1,0,0.09,0.09,0,0.09,Matches
Kenneth Omeruo\Kenneth-Omeruo,ng NGA,DF,Leganés,24,1993,28,27,2433,27,0,0,0,0,0,7,0,0,0,0,0,0,Matches
Fabián Orellana\Fabian-Orellana,cl CHI,MFFW,Eibar,32,1986,33,31,2733,30.4,3,5,2,1,1,4,0,0.1,0.16,0.26,0.07,0.23,Matches
Mikel Oyarzabal\Mikel-Oyarzabal,es ESP,FWMF,Real Sociedad,21,1997,37,36,3153,35,13,2,10,3,3,2,0,0.37,0.06,0.43,0.29,0.34,Matches
Fernando Pacheco\Fernando-Pacheco,es ESP,GK,Alavés,26,1992,35,35,3150,35,0,0,0,0,0,3,0,0,0,0,0,0,Matches
Rubén Pardo\Ruben-Pardo,es ESP,MFFW,Real Sociedad,25,1992,24,16,1368,15.2,1,2,1,0,0,3,0,0.07,0.13,0.2,0.07,0.2,Matches
Daniel Parejo\Daniel-Parejo,es ESP,MF,Valencia,29,1989,36,35,3061,34,9,7,4,5,6,5,1,0.26,0.21,0.47,0.12,0.32,Matches
Thomas Partey\Thomas-Partey,gh GHA,MF,Atlético Madrid,25,1993,32,22,2070,23,3,4,3,0,0,9,1,0.13,0.17,0.3,0.13,0.3,Matches
Gabriel Paulista\Gabriel-Paulista,br BRA,DF,Valencia,27,1990,30,30,2623,29.1,0,1,0,0,0,6,0,0,0.03,0.03,0,0.03,Matches
Alfonso Pedraza\Alfonso-Pedraza,es ESP,DFFW,Villarreal,22,1996,34,22,2095,23.3,3,3,3,0,0,3,0,0.13,0.13,0.26,0.13,0.26,Matches
Pedrosa\Pedrosa,es ESP,DF,Espanyol,20,1998,12,8,763,8.5,1,0,1,0,0,1,0,0.12,0,0.12,0.12,0.12,Matches
Rubén Peña\Ruben-Pena,es ESP,DF,Eibar,27,1991,31,30,2674,29.7,1,2,1,0,0,4,0,0.03,0.07,0.1,0.03,0.1,Matches
Carles Pérez\Carles-Perez,es ESP,FW,Barcelona,20,1998,1,0,18,0.2,0,0,0,0,0,0,0,0,0,0,0,0,Matches
Hernán Pérez\Hernan-Perez,py PAR,FWMF,Espanyol,29,1989,19,10,795,8.8,1,2,1,0,0,1,0,0.11,0.23,0.34,0.11,0.34,Matches
Rubén Pérez\Ruben-Perez,es ESP,MF,Leganés,29,1989,31,27,2474,27.5,0,0,0,0,0,7,1,0,0,0,0,0,Matches
Pablo Piatti\Pablo-Piatti,ar ARG,FWMF,Espanyol,29,1989,20,6,743,8.3,1,0,1,0,0,0,0,0.12,0,0.12,0.12,0.12,Matches
Cristiano Piccini\Cristiano-Piccini,it ITA,DF,Valencia,25,1992,23,21,1868,20.8,1,0,1,0,0,3,0,0.05,0,0.05,0.05,0.05,Matches
Tomás Pina Isla\Tomas-Pina-Isla,es ESP,MF,Alavés,30,1987,28,27,2340,26,2,0,2,0,0,13,0,0.08,0,0.08,0.08,0.08,Matches
Gerard Piqué\Gerard-Pique,es ESP,DF,Barcelona,31,1987,35,35,3150,35,4,2,4,0,0,6,0,0.11,0.06,0.17,0.11,0.17,Matches
Carles Planas\Carles-Planas,es ESP,DFMF,Girona,27,1991,7,4,419,4.7,0,1,0,0,0,3,0,0,0.21,0.21,0,0.21,Matches
Óscar Plano\Oscar-Plano,es ESP,MFFW,Valladolid,27,1991,33,30,2693,29.9,3,4,3,0,0,8,0,0.1,0.13,0.23,0.1,0.23,Matches
Stiven Plaza\Stiven-Plaza,ec ECU,FWMF,Valladolid,19,1999,2,0,38,0.4,0,0,0,0,0,0,0,0,0,0,0,0,Matches
Pere Pons\Pere-Pons,es ESP,MF,Girona,25,1993,34,32,2792,31,1,2,1,0,0,4,0,0.03,0.06,0.1,0.03,0.1,Matches
Pedro Porro\Pedro-Porro,es ESP,DFMF,Girona,18,1999,32,25,2211,24.6,0,4,0,0,0,4,0,0,0.16,0.16,0,0.16,Matches
Francisco Portillo\Francisco-Portillo,es ESP,MFFW,Getafe,28,1990,32,19,1994,22.2,1,4,1,0,0,3,1,0.05,0.18,0.23,0.05,0.23,Matches
Portu\Portu,es ESP,FWMF,Girona,26,1992,34,33,2821,31.3,9,2,8,1,1,3,0,0.29,0.06,0.35,0.26,0.32,Matches
Sergio Postigo\Sergio-Postigo,es ESP,DF,Levante,29,1988,21,17,1449,16.1,1,1,1,0,0,4,1,0.06,0.06,0.12,0.06,0.12,Matches
José Pozo\Jose-Pozo,es ESP,MFFW,Rayo Vallecano,22,1996,29,16,1617,18,3,0,3,0,0,4,0,0.17,0,0.17,0.17,0.17,Matches
Sanjin Prci?\Sanjin-Prcic,ba BIH,MF,Levante,24,1993,10,6,532,5.9,0,0,0,0,0,3,0,0,0,0,0,0,Matches
Quincy Promes\Quincy-Promes,nl NED,DFMF,Sevilla,26,1992,33,15,1583,17.6,2,3,2,0,1,2,0,0.11,0.17,0.28,0.11,0.28,Matches
Javi Puado\Javi-Puado,es ESP,FWMF,Espanyol,20,1998,15,2,359,4,0,0,0,0,0,0,0,0,0,0,0,0,Matches
Riqui Puig\Riqui-Puig,es ESP,MF,Barcelona,18,1999,2,2,156,1.7,0,0,0,0,0,0,0,0,0,0,0,0,Matches
Jorge Pulido\Jorge-Pulido,es ESP,DF,Huesca,27,1991,32,32,2785,30.9,3,3,3,0,0,9,2,0.1,0.1,0.19,0.1,0.19,Matches
Xavi Quintillà\Xavi-Quintilla,es ESP,DF,Villarreal,21,1996,7,7,627,7,0,0,0,0,0,1,0,0,0,0,0,0,Matches
Dani Raba\Dani-Raba,es ESP,MF,Villarreal,22,1995,8,2,191,2.1,0,1,0,0,0,0,0,0,0.47,0.47,0,0.47,Matches
Rafinha\Rafinha,br BRA,FWMF,Barcelona,25,1993,5,3,223,2.5,0,0,0,0,0,1,0,0,0,0,0,0,Matches
Ivan Rakiti?\Ivan-Rakitic,hr CRO,MF,Barcelona,30,1988,34,29,2643,29.4,3,5,3,0,0,7,1,0.1,0.17,0.27,0.1,0.27,Matches
Jonás Ramalho\Jonas-Ramalho,es ESP,DF,Girona,25,1993,22,18,1619,18,1,0,1,0,0,4,0,0.06,0,0.06,0.06,0.06,Matches
Sandro Ramírez\Sandro-Ramirez,es ESP,FWMF,Real Sociedad,23,1995,24,10,1055,11.7,0,0,0,0,0,4,0,0,0,0,0,0,Matches
Iván Ramis\Ivan-Ramis,es ESP,DF,Eibar,33,1984,21,20,1677,18.6,0,0,0,0,0,4,0,0,0,0,0,0,Matches
Chris Ramos\Chris-Ramos,es ESP,FW,Valladolid,21,1997,1,1,63,0.7,0,0,0,0,0,0,0,0,0,0,0,0,Matches
Sergio Ramos\Sergio-Ramos,es ESP,DF,Real Madrid,32,1986,28,28,2474,27.5,6,1,1,5,5,7,1,0.22,0.04,0.25,0.04,0.07,Matches
Recio\Recio,es ESP,MF,Leganés,27,1991,18,15,1285,14.3,0,0,0,0,0,9,0,0,0,0,0,0,Matches
Sergio Reguilón\Sergio-Reguilon,es ESP,DF,Real Madrid,21,1996,14,13,1119,12.4,0,2,0,0,0,3,0,0,0.16,0.16,0,0.16,Matches
Diego Reyes\Diego-Reyes,mx MEX,DF,Leganés,25,1992,6,4,320,3.6,0,0,0,0,0,1,0,0,0,0,0,0,Matches
Mikel Rico\Mikel-Rico,es ESP,MF,Athletic Club,33,1984,4,3,242,2.7,0,0,0,0,0,0,0,0,0,0,0,0,Matches
Asier Riesgo\Asier-Riesgo,es ESP,GK,Eibar,34,1983,14,14,1260,14,0,0,0,0,0,1,0,0,0,0,0,0,Matches
Cristian Rivera\Cristian-Rivera,es ESP,MF,Huesca,21,1997,22,19,1692,18.8,2,0,2,0,0,2,0,0.11,0,0.11,0.11,0.11,Matches
Rober\Rober,es ESP,DF,Levante,23,1995,33,32,2854,31.7,1,0,1,0,0,6,0,0.03,0,0.03,0.03,0.03,Matches
Sergi Roberto\Sergi-Roberto,es ESP,DFMF,Barcelona,26,1992,29,23,2088,23.2,0,7,0,0,0,3,0,0,0.3,0.3,0,0.3,Matches
Patrick Roberts\Patrick-Roberts,eng ENG,FW,Girona,21,1997,19,6,601,6.7,0,0,0,0,0,0,0,0,0,0,0,0,Matches
Joel Robles\Joel-Robles,es ESP,GK,Betis,28,1990,5,5,450,5,0,0,0,0,0,0,0,0,0,0,0,0,Matches
Marc Roca\Marc-Roca,es ESP,MF,Espanyol,21,1996,35,35,3112,34.6,1,2,1,0,0,9,0,0.03,0.06,0.09,0.03,0.09,Matches
Rubén Rochina\Ruben-Rochina,es ESP,MF,Levante,27,1991,27,23,1800,20,4,5,4,0,0,13,2,0.2,0.25,0.45,0.2,0.45,Matches
Rodri\Rodri,es ESP,MF,Atlético Madrid,22,1996,34,32,2735,30.4,3,1,3,0,0,5,0,0.1,0.03,0.13,0.1,0.13,Matches
Rodrigo\Rodrigo,es ESP,FW,Valencia,27,1991,33,29,2528,28.1,8,6,8,0,1,5,1,0.28,0.21,0.5,0.28,0.5,Matches
Kévin Rodrigues\Kevin-Rodrigues,pt POR,DF,Real Sociedad,24,1994,7,5,484,5.4,0,0,0,0,0,1,0,0,0,0,0,0,Matches
Óscar Rodríguez Arnaiz\Oscar-Rodriguez-Arnaiz,es ESP,MFFW,Leganés,20,1998,31,29,2504,27.8,4,3,4,0,0,6,0,0.14,0.11,0.25,0.14,0.25,Matches
Ángel Rodríguez\Angel-Rodriguez,es ESP,FW,Getafe,31,1987,37,20,1819,20.2,8,3,8,0,0,4,0,0.4,0.15,0.54,0.4,0.54,Matches
Marko Rog\Marko-Rog,hr CRO,MF,Sevilla,23,1995,10,4,357,4,0,0,0,0,0,5,0,0,0,0,0,0,Matches
Diego Rolán\Diego-Rolan,uy URU,MFDF,Leganés,25,1993,6,2,215,2.4,0,0,0,0,0,0,0,0,0,0,0,0,Matches
Diego Rolán\Diego-Rolan,uy URU,FWMF,Alavés,25,1993,9,3,298,3.3,0,0,0,0,0,1,0,0,0,0,0,0,Matches
Facundo Roncaglia\Facundo-Roncaglia,ar ARG,DF,Celta Vigo,31,1987,12,12,1070,11.9,0,0,0,0,0,3,0,0,0,0,0,0,Matches
Facundo Roncaglia\Facundo-Roncaglia,ar ARG,DF,Valencia,31,1987,7,7,601,6.7,0,0,0,0,0,5,1,0,0,0,0,0,Matches
Roberto Rosales\Roberto-Rosales,ve VEN,DF,Espanyol,29,1988,21,20,1749,19.4,3,1,3,0,0,2,0,0.15,0.05,0.21,0.15,0.21,Matches
Waldo Rubio\Waldo-Rubio,es ESP,MFFW,Valladolid,22,1995,8,5,492,5.5,1,0,1,0,0,1,0,0.18,0,0.18,0.18,0.18,Matches
Abel Ruiz\Abel-Ruiz,es ESP,FW,Barcelona,18,2000,1,0,22,0.2,0,0,0,0,0,0,0,0,0,0,0,0,Matches
Víctor Ruiz\Victor-Ruiz,es ESP,DF,Villarreal,29,1989,22,22,1975,21.9,0,0,0,0,0,10,0,0,0,0,0,0,Matches
Gerónimo Rulli\Geronimo-Rulli,ar ARG,GK,Real Sociedad,26,1992,27,27,2430,27,0,0,0,0,0,3,0,0,0,0,0,0,Matches
Samuel Sáiz\Samuel-Saiz,es ESP,FWMF,Getafe,27,1991,10,2,305,3.4,1,0,1,0,0,2,0,0.3,0,0.3,0.3,0.3,Matches
Mikel San José\Mikel-San-Jose,es ESP,MF,Athletic Club,29,1989,33,16,1733,19.3,0,0,0,0,0,7,0,0,0,0,0,0,Matches
Antonio Sanabria\Antonio-Sanabria,py PAR,FW,Betis,22,1996,15,8,811,9,2,0,1,1,1,2,0,0.22,0,0.22,0.11,0.11,Matches
Javi Sánchez\Javi-Sanchez,es ESP,DF,Real Madrid,21,1997,1,0,46,0.5,0,0,0,0,0,1,0,0,0,0,0,0,Matches
Víctor Sánchez\Victor-Sanchez,es ESP,MF,Espanyol,30,1987,24,13,1265,14.1,0,2,0,0,0,9,0,0,0.14,0.14,0,0.14,Matches
Luca Sangalli\Luca-Sangalli,es ESP,MFFW,Real Sociedad,23,1995,18,12,999,11.1,1,3,1,0,0,0,0,0.09,0.27,0.36,0.09,0.36,Matches
Nicola Sansone\Nicola-Sansone,it ITA,FWMF,Villarreal,26,1991,3,0,37,0.4,1,1,1,0,0,1,0,2.43,2.43,4.86,2.43,4.86,Matches
Roberto Santamaría\Roberto-Santamaria,es ESP,GK,Huesca,33,1985,20,20,1800,20,0,0,0,0,0,1,0,0,0,0,0,0,Matches
Michael Santos\Michael-Santos,uy URU,FWMF,Leganés,25,1993,16,5,557,6.2,1,3,1,0,0,4,0,0.16,0.48,0.65,0.16,0.65,Matches
Pablo Sarabia\Pablo-Sarabia,es ESP,MFFW,Sevilla,26,1992,33,30,2724,30.3,13,13,12,1,1,9,0,0.43,0.43,0.86,0.4,0.83,Matches
Lluís Sastre\Lluis-Sastre,es ESP,MF,Huesca,32,1986,4,1,120,1.3,0,0,0,0,0,0,0,0,0,0,0,0,Matches
Stefan Savi?\Stefan-Savic,me MNE,DF,Atlético Madrid,27,1991,18,17,1398,15.5,0,2,0,0,0,5,1,0,0.13,0.13,0,0.13,Matches
Alfa Semedo\Alfa-Semedo,gw GNB,MF,Espanyol,20,1997,3,0,45,0.5,0,0,0,0,0,1,0,0,0,0,0,0,Matches
Nélson Semedo\Nelson-Semedo,pt POR,DF,Barcelona,24,1993,26,20,1600,17.8,1,0,1,0,0,4,0,0.06,0,0.06,0.06,0.06,Matches
Rúben Semedo\Ruben-Semedo,pt POR,DF,Huesca,24,1994,11,9,850,9.4,0,0,0,0,0,4,0,0,0,0,0,0,Matches
Paik Seung-ho\Paik-Seung-ho,kr KOR,FWMF,Girona,21,1997,3,0,60,0.7,0,0,0,0,0,0,0,0,0,0,0,0,Matches
Gaku Shibasaki\Gaku-Shibasaki,jp JPN,MFFW,Getafe,26,1992,7,5,389,4.3,0,0,0,0,0,0,0,0,0,0,0,0,Matches
Sidnei\Sidnei,br BRA,DF,Betis,28,1989,24,20,1742,19.4,1,0,1,0,0,4,0,0.05,0,0.05,0.05,0.05,Matches
André Silva\Andre-Silva,pt POR,FW,Sevilla,22,1995,27,25,2159,24,9,0,9,0,0,4,0,0.38,0,0.38,0.38,0.38,Matches
Jonathan Silva\Jonathan-Silva,ar ARG,DF,Leganés,24,1994,30,30,2700,30,3,6,3,0,0,9,0,0.1,0.2,0.3,0.1,0.3,Matches
Moses Simon\Moses-Simon,ng NGA,DFMF,Levante,23,1995,19,8,785,8.7,0,1,0,0,0,1,0,0,0.11,0.11,0,0.11,Matches
Unai Simón\Unai-Simon,es ESP,GK,Athletic Club,21,1997,7,7,630,7,0,0,0,0,0,2,0,0,0,0,0,0,Matches
Dimitris Siovas\Dimitris-Siovas,gr GRE,DF,Leganés,29,1988,34,34,2962,32.9,1,0,1,0,0,5,0,0.03,0,0.03,0.03,0.03,Matches
Pione Sisto\Pione-Sisto,dk DEN,FWMF,Celta Vigo,23,1995,25,8,844,9.4,2,1,2,0,0,0,0,0.21,0.11,0.32,0.21,0.32,Matches
Antonio Sivera\Antonio-Sivera,es ESP,GK,Alavés,21,1996,3,3,270,3,0,0,0,0,0,0,0,0,0,0,0,0,Matches
Rubén Sobrino\Ruben-Sobrino,es ESP,FWMF,Valencia,26,1992,4,2,193,2.1,0,0,0,0,0,1,0,0,0,0,0,0,Matches
Rubén Sobrino\Ruben-Sobrino,es ESP,FWMF,Alavés,26,1992,20,10,965,10.7,3,1,3,0,0,2,0,0.28,0.09,0.37,0.28,0.37,Matches
Alex Sola\Alex-Sola,es ESP,DF,Real Sociedad,19,1999,1,1,90,1,0,0,0,0,0,0,0,0,0,0,0,0,Matches
Andrés Solano\Andres-Solano,co COL,DF,Atlético Madrid,20,1998,1,1,45,0.5,0,0,0,0,0,0,0,0,0,0,0,0,Matches
Carlos Soler\Carlos-Soler,es ESP,MF,Valencia,21,1997,31,27,2460,27.3,2,6,2,0,0,9,0,0.07,0.22,0.29,0.07,0.29,Matches
Kévin Soni\Kevin-Soni,cm CMR,FWDF,Girona,20,1998,5,1,82,0.9,0,0,0,0,0,1,0,0,0,0,0,0,Matches
David Soria\David-Soria,es ESP,GK,Getafe,25,1993,37,37,3330,37,0,0,0,0,0,0,0,0,0,0,0,0,Matches
Juan Soriano\Juan-Soriano,es ESP,GK,Sevilla,20,1997,4,4,359,4,0,0,0,0,0,2,1,0,0,0,0,0,Matches
Cristhian Stuani\Cristhian-Stuani,uy URU,FW,Girona,31,1986,32,30,2729,30.3,19,0,14,5,5,9,0,0.63,0,0.63,0.46,0.46,Matches
Damián Suárez\Damian-Suarez,uy URU,DF,Getafe,30,1988,36,36,3240,36,0,3,0,0,0,13,0,0,0.08,0.08,0,0.08,Matches
Denis Suárez\Denis-Suarez,es ESP,MF,Barcelona,24,1994,2,0,19,0.2,0,0,0,0,0,0,0,0,0,0,0,0,Matches
Leonardo Suárez\Leonardo-Suarez,ar ARG,FWMF,Valladolid,22,1996,12,7,517,5.7,2,0,2,0,0,0,0,0.35,0,0.35,0.35,0.35,Matches
Luis Suárez\Luis-Suarez,uy URU,FW,Barcelona,31,1987,33,31,2827,31.4,21,6,17,4,4,5,0,0.67,0.19,0.86,0.54,0.73,Matches
Mario Suárez\Mario-Suarez,es ESP,MF,Rayo Vallecano,31,1987,14,11,1026,11.4,2,0,2,0,0,5,0,0.18,0,0.18,0.18,0.18,Matches
Markel Susaeta\Markel-Susaeta,es ESP,FW,Athletic Club,30,1987,22,15,1379,15.3,1,2,1,0,0,4,1,0.07,0.13,0.2,0.07,0.2,Matches
Rodrigo Tarín\Rodrigo-Tarin,es ESP,DF,Leganés,22,1996,18,15,1429,15.9,0,0,0,0,0,3,0,0,0,0,0,0,Matches
Cristian Tello\Cristian-Tello,es ESP,DFMF,Betis,26,1991,29,13,1573,17.5,4,6,4,0,0,3,0,0.23,0.34,0.57,0.23,0.57,Matches
Marc-André ter Stegen\Marc-Andre-ter-Stegen,de GER,GK,Barcelona,26,1992,35,35,3150,35,0,0,0,0,0,0,0,0,0,0,0,0,Matches
David Timor\David-Timor,es ESP,MFFW,Girona,28,1989,2,2,163,1.8,0,0,0,0,0,0,0,0,0,0,0,0,Matches
Tito\Tito,es ESP,DF,Rayo Vallecano,33,1985,15,12,1098,12.2,0,0,0,0,0,2,0,0,0,0,0,0,Matches
Jean-Clair Todibo\Jean-Clair-Todibo,fr FRA,DF,Barcelona,18,1999,2,2,157,1.7,0,0,0,0,0,2,0,0,0,0,0,0,Matches
Karl Toko Ekambi\Karl-Toko-Ekambi,cm CMR,FW,Villarreal,25,1992,34,24,2144,23.8,10,1,10,0,1,5,0,0.42,0.04,0.46,0.42,0.46,Matches
Raúl de Tomás\Raul-de-Tomas,es ESP,FW,Rayo Vallecano,23,1994,33,32,2813,31.3,14,1,14,0,0,5,0,0.45,0.03,0.48,0.45,0.48,Matches
Toño\Tono,es ESP,DFMF,Levante,28,1989,21,21,1763,19.6,2,2,2,0,0,4,0,0.1,0.1,0.2,0.1,0.2,Matches
Daniel Torres\Daniel-Torres,co COL,MF,Alavés,28,1989,2,1,71,0.8,0,0,0,0,0,1,0,0,0,0,0,0,Matches
Ferrán Torres\Ferran-Torres,es ESP,MFFW,Valencia,18,2000,24,8,850,9.4,2,1,2,0,0,5,0,0.21,0.11,0.32,0.21,0.32,Matches
Óscar Trejo\Oscar-Trejo,ar ARG,MFFW,Rayo Vallecano,30,1988,26,22,1764,19.6,1,4,0,1,1,7,1,0.05,0.2,0.26,0,0.2,Matches
Manu Trigueros\Manu-Trigueros,es ESP,MF,Villarreal,26,1991,24,18,1547,17.2,0,0,0,0,0,3,0,0,0,0,0,0,Matches
Patrick Twumasi\Patrick-Twumasi,gh GHA,MFFW,Alavés,24,1994,11,0,170,1.9,0,0,0,0,0,2,0,0,0,0,0,0,Matches
Samuel Umtiti\Samuel-Umtiti,fr FRA,DF,Barcelona,24,1993,14,13,1189,13.2,0,1,0,0,0,4,0,0,0.08,0.08,0,0.08,Matches
Enes Ünal\Enes-Unal,tr TUR,FW,Valladolid,21,1997,33,24,2148,23.9,6,3,3,3,3,7,0,0.25,0.13,0.38,0.13,0.25,Matches
Tomáš Vaclík\Tomas-Vaclik,cz CZE,GK,Sevilla,29,1989,33,33,2970,33,0,0,0,0,0,1,0,0,0,0,0,0,Matches
Valery\Valery,es ESP,DFMF,Girona,18,1999,17,10,888,9.9,0,1,0,0,0,2,0,0,0.1,0.1,0,0.1,Matches
Jesús Vallejo\Jesus-Vallejo,es ESP,DFMF,Real Madrid,21,1997,5,4,311,3.5,1,0,1,0,0,1,1,0.29,0,0.29,0.29,0.29,Matches
Federico Valverde\Federico-Valverde,uy URU,MF,Real Madrid,20,1998,16,6,656,7.3,0,0,0,0,0,4,0,0,0,0,0,0,Matches
Raphaël Varane\Raphael-Varane,fr FRA,DF,Real Madrid,25,1993,32,31,2754,30.6,2,0,2,0,0,0,1,0.07,0,0.07,0.07,0.07,Matches
Franco Vázquez\Franco-Vazquez,ar ARG,MFFW,Sevilla,29,1989,34,26,2280,25.3,3,4,3,0,0,8,1,0.12,0.16,0.28,0.12,0.28,Matches
Kevin Vázquez\Kevin-Vazquez,es ESP,DF,Celta Vigo,25,1993,4,2,220,2.4,0,0,0,0,0,0,0,0,0,0,0,0,Matches
Lucas Vázquez\Lucas-Vazquez,es ESP,FW,Real Madrid,27,1991,31,15,1510,16.8,1,3,1,0,0,6,1,0.06,0.18,0.24,0.06,0.24,Matches
Koke Vegas\Koke-Vegas,es ESP,GK,Levante,22,1995,1,1,90,1,0,0,0,0,0,0,0,0,0,0,0,0,Matches
Emiliano Velázquez\Emiliano-Velazquez,uy URU,DF,Rayo Vallecano,24,1994,18,14,1277,14.2,0,2,0,0,0,8,0,0,0.14,0.14,0,0.14,Matches
Daniele Verde\Daniele-Verde,it ITA,FWMF,Valladolid,22,1996,22,4,657,7.3,2,0,1,1,1,1,0,0.27,0,0.27,0.14,0.14,Matches
Thomas Vermaelen\Thomas-Vermaelen,be BEL,DF,Barcelona,32,1985,9,7,587,6.5,0,0,0,0,0,2,0,0,0,0,0,0,Matches
Mikel Vesga\Mikel-Vesga,es ESP,MF,Leganés,25,1993,26,23,2070,23,1,1,1,0,0,3,0,0.04,0.04,0.09,0.04,0.09,Matches
Rúben Vezo\Ruben-Vezo,pt POR,DF,Levante,24,1994,15,15,1339,14.9,2,1,2,0,0,4,0,0.13,0.07,0.2,0.13,0.2,Matches
Rúben Vezo\Ruben-Vezo,pt POR,DF,Valencia,24,1994,4,2,196,2.2,0,0,0,0,0,2,0,0,0,0,0,0,Matches
Aleix Vidal\Aleix-Vidal,es ESP,DFMF,Sevilla,28,1989,11,5,528,5.9,0,0,0,0,0,3,0,0,0,0,0,0,Matches
Arturo Vidal\Arturo-Vidal,cl CHI,MF,Barcelona,31,1987,33,22,1929,21.4,3,7,3,0,0,7,0,0.14,0.33,0.47,0.14,0.47,Matches
Carlos Vigaray\Carlos-Vigaray,es ESP,DF,Alavés,23,1994,8,7,647,7.2,0,0,0,0,0,1,0,0,0,0,0,0,Matches
Dídac Vilà\Didac-Vila,es ESP,DF,Espanyol,29,1989,27,27,2354,26.2,0,2,0,0,0,11,0,0,0.08,0.08,0,0.08,Matches
Toni Villa\Toni-Villa,es ESP,MFFW,Valladolid,23,1995,26,21,1762,19.6,2,2,2,0,0,3,0,0.1,0.1,0.2,0.1,0.2,Matches
Vitolo\Vitolo,es ESP,MFFW,Atlético Madrid,28,1989,20,5,753,8.4,0,1,0,0,0,1,0,0,0.12,0.12,0,0.12,Matches
Nikola Vuk?evi?\Nikola-Vukcevic,me MNE,MF,Levante,26,1991,16,9,670,7.4,0,0,0,0,0,5,1,0,0,0,0,0,Matches
Moussa Wagué\Moussa-Wague,sn SEN,DF,Barcelona,19,1998,3,2,225,2.5,0,0,0,0,0,1,0,0,0,0,0,0,Matches
Wakaso\Wakaso,gh GHA,MF,Alavés,28,1990,29,18,1669,18.5,1,1,1,0,0,9,0,0.05,0.05,0.11,0.05,0.11,Matches
Daniel Wass\Daniel-Wass,dk DEN,DFMF,Valencia,29,1989,32,26,2354,26.2,1,3,1,0,0,4,0,0.04,0.11,0.15,0.04,0.15,Matches
Axel Werner\Axel-Werner,ar ARG,GK,Huesca,22,1996,6,6,540,6,0,0,0,0,0,0,0,0,0,0,0,0,Matches
Iñaki Williams\Inaki-Williams,es ESP,FW,Athletic Club,24,1994,38,36,3025,33.6,12,4,12,0,0,3,0,0.36,0.12,0.48,0.36,0.48,Matches
Maximilian Wöber\Maximilian-Wober,at AUT,DF,Sevilla,20,1998,7,6,536,6,0,0,0,0,0,2,0,0,0,0,0,0,Matches
Yoel\Yoel,es ESP,GK,Valladolid,29,1988,3,3,270,3,0,0,0,0,0,0,0,0,0,0,0,0,Matches
Okay Yoku?lu\Okay-Yokuslu,tr TUR,MF,Celta Vigo,24,1994,30,26,2198,24.4,2,0,2,0,0,10,0,0.08,0,0.08,0.08,0.08,Matches
Joseba Zaldúa\Joseba-Zaldua,es ESP,DF,Real Sociedad,26,1992,26,25,2139,23.8,1,2,1,0,0,7,0,0.04,0.08,0.13,0.04,0.13,Matches
Nabil El Zhar\Nabil-El-Zhar,ma MAR,MFFW,Leganés,31,1986,27,9,966,10.7,4,0,3,1,1,0,0,0.37,0,0.37,0.28,0.28,Matches
Luca Zidane\Luca-Zidane,fr FRA,GK,Real Madrid,20,1998,1,1,90,1,0,0,0,0,0,0,0,0,0,0,0,0,Matches
Igor Zubeldia\Igor-Zubeldia,es ESP,MF,Real Sociedad,21,1997,33,29,2549,28.3,0,1,0,0,0,7,0,0,0.04,0.04,0,0.04,Matches
Martín Zubimendi\Martin-Zubimendi,es ESP,MF,Real Sociedad,19,1999,1,0,7,0.1,0,0,0,0,0,0,0,0,0,0,0,0,Matches
David Zurutuza\David-Zurutuza,es ESP,MFFW,Real Sociedad,32,1986,21,13,1222,13.6,2,0,2,0,0,2,0,0.15,0,0.15,0.15,0.15,Matches
